name,lat,lng,status
JABALUYUN_069W374N_S,37.41112,-6.99696,old
BUNDUQA_319E300N_S,30.09522,31.93498,old
ROUTPOINT1415_053W383N_O,38.30589,-5.31816,old
USAYLA_407E250N_S,25.04085,40.79626,old
BAQQARA_331E310N_S,31.02385,33.12566,old
WAQISA_437E305N_S,30.55363,43.77652,old
RAMLA_348E319N_S,31.92484,34.86436,old
JIYADSAGHIR_239E319N_S,31.99027,23.96719,old
الکلایة,null,null,null
RAYKAN_526E285N_S,28.52097,52.67152,old
KASAN_716E412N_S,41.24406,71.64288,old
ABDIN_493E312N_S,31.22889,49.31456,old
KANBAYA_725E223N_S,22.35228,72.56065,old
RADHAN_547E301N_S,30.12067,54.70209,old
DANJI_516E329N_S,32.90827,51.67468,old
AJDABIYYA_202E304N_S,30.46697,20.20218,old
RIBATAFRIGHUN_652E372N_S,37.26306,65.27273,old
KHARKIRD_601E343N_S,34.31639,60.16386,old
QAZWIN_500E362N_S,36.27854,50.00110,old
ROUTPOINT1609_461E372N_O,37.20353,46.14572,old
KHAYWAN_440E162N_S,16.29079,44.06424,old
SAGHANIYAN_678E382N_S,38.26337,67.89454,old
TUSTAR_488E320N_R,32.05110,48.85461,old
IKHNA_307E315N_S,31.51979,30.79000,old
BATNMARR_397E216N_S,21.64499,39.73935,old
QADISIYYA_439E340N_S,34.09388,43.98259,old
TUS_594E364N_S,36.42208,59.49915,old
KHAWASH_618E277N_S,27.79777,61.88374,old
TARAZ_714E428N_S,42.83695,71.44044,old
وادی القری,null,null,null
ANDARAB_473E401N_S,40.10841,47.33087,old
البحیرة,null,null,null
QASRAHNAF_632E357N_S,35.76147,63.21212,old
WARWALIJ_688E367N_S,36.78174,68.89729,old
JUWAYN_616E317N_S,31.72221,61.60731,old
DIZAK_677E400N_S,40.09748,67.79942,old
ROUTPOINT1727_691E384N_O,38.49824,69.14618,old
KAH_677E352N_S,35.24443,67.72517,old
BARDAJ_475E402N_S,40.23581,47.56971,old
MIHRAJAN_578E365N_S,36.58050,57.84690,old
موسى آباذ,null,null,null
SARAQUSA_009W416N_S,41.63368,-0.92920,old
HALI_413E186N_S,18.62751,41.39305,old
KHANUQA_398E357N_S,35.75218,39.81661,old
ROUTPOINT0202_416E343N_O,34.39315,41.61558,old
BADHIBIN_465E321N_S,32.17087,46.59233,old
السونشة,null,null,null
JADILA_429E240N_S,24.09211,42.99135,old
DARGHASH_653E326N_S,32.61829,65.38750,old
SUWAR_499E544N_S,54.45304,49.96347,old
زياداباذ,null,null,null
TARIM_558E281N_S,28.18163,55.80841,old
ROUTPOINT1724_714E409N_O,40.99948,71.44240,old
SAMMURA_057W414N_S,41.44051,-5.76776,old
SHATIBA_005W389N_S,38.96551,-0.52276,old
SAMARRA_438E342N_S,34.20964,43.88134,old
BAYSAN_354E325N_S,32.50000,35.49256,old
KHULM_677E367N_S,36.74621,67.70299,old
RASMA_588E324N_S,32.43440,58.87027,old
سرى شهر,null,null,null
KAFRAH_524E295N_S,29.50609,52.49957,old
QINNASRIN_370E359N_S,35.99617,37.02701,old
وادي الملح,31.300360477190466,49.88406837177841,new
KAMAKH_390E395N_S,39.58627,39.02492,old
اسداواذ,null,null,null
BAGHSHUR_625E356N_S,35.60846,62.54722,old
KHAYM_395E223N_S,22.38571,39.56795,old
RIBATABSHUTURAN_559E332N_S,33.24359,55.93385,old
DHUKHUSHUB_392E247N_S,24.72896,39.29172,old
KUMIZ_572E277N_S,27.79812,57.22106,old
ZUBAYDIYYA_468E342N_S,34.23099,46.85168,old
قرية الرصد,null,null,null
QANUWAN_506E332N_S,33.23683,50.65469,old
BILIZMA_061E356N_S,35.63685,6.14010,old
ROUTPOINT0506_517E327N_O,32.79657,51.71485,old
قصر مهدى,null,null,null
DARTAL_650E321N_S,32.18280,65.03496,old
KUMSHARIK_307E306N_S,30.63742,30.75642,old
KHANIQIN_454E343N_S,34.34844,45.44708,old
KAHDA_520E353N_S,35.31676,52.04412,old
BARIMMA_435E350N_S,35.07982,43.57361,old
BAYGHU_042W374N_S,37.45788,-4.20406,old
QARYABARATIKIN_599E431N_S,43.19354,59.95269,old
SARWISTAN_524E314N_S,31.42233,52.43219,old
DIZAH_634E354N_S,35.42618,63.44735,old
QARN_402E214N_S,21.46576,40.21296,old
اسناخ,null,null,null
JIZAH_623E319N_S,31.96860,62.38610,old
ANBAR_437E333N_S,33.39492,43.70150,old
ABSHUR_574E326N_S,32.65943,57.40729,old
ARJISH_433E390N_S,39.02230,43.35895,old
USHMUNAYN_307E278N_S,27.85616,30.75576,old
DASKARA_449E339N_S,33.94151,44.92310,old
أرومية,null,null,null
SHAHRASTAN_515E298N_S,29.83157,51.51624,old
JAFARABADH_518E311N_S,31.19326,51.81266,old
KARA_531E307N_S,30.73791,53.12982,old
QUSTANA_510E354N_S,35.41491,51.03856,old
أمير,null,null,null
ROUTPOINT1204_010E353N_O,35.36942,1.05376,old
ZAFARANIYYA_484E348N_S,34.83858,48.42279,old
SANHUR_307E311N_S,31.16283,30.70832,old
الملتان,null,null,null
SHAMAT_560E297N_S,29.76249,56.01438,old
قرية جومة,null,null,null
MADINASHALAB_084W372N_S,37.22519,-8.42308,old
JANAD_441E136N_S,13.69225,44.17508,old
BITAN_432E287N_S,28.74899,43.27579,old
QUSTANTINIYYA_066E363N_S,36.33790,6.62703,old
JUNDAYSABUR_485E322N_R,32.29866,48.53919,old
الرام,null,null,null
DAZIQI_411E343N_S,34.33397,41.15980,old
DATHINA_419E232N_S,23.22544,41.92466,old
ROUTPOINT1901_706E300N_O,30.07040,70.63104,old
HUSAYN_407E356N_S,35.62321,40.71642,old
ASADABADH_481E348N_S,34.80031,48.15134,old
بلد روب,null,null,null
FIRZIN_567E299N_S,29.95407,56.77211,old
ROUTPOINT1919_623E301N_O,30.19274,62.39350,old
KHURRAMA_533E295N_S,29.54292,53.33817,old
ضریة,24.655037019423332,43.0061126851114,new
ROUTPOINT0113_351E319N_O,31.90712,35.18907,old
NIBAJ_444E263N_S,26.35812,44.45181,old
MARMAJANNA_084E354N_S,35.48917,8.40114,old
ABTIA_500E336N_S,33.62812,50.05422,old
QURAY_417E315N_S,31.51068,41.79330,old
ازميران,null,null,null
KABUL_691E345N_S,34.52442,69.16963,old
BURULLUS_309E315N_S,31.58612,30.99606,old
ROUTPOINT1617_523E364N_O,36.42534,52.31039,old
قاين,null,null,null
WALASHJIRD_572E280N_S,28.00340,57.27536,old
الراشدية,null,null,null
راس العقبة,null,null,null
DARNAWA_487E348N_S,34.84758,48.73262,old
SARMAQ_527E310N_S,31.05956,52.79142,old
قورية,null,null,null
TAMISHA_540E367N_S,36.73120,54.05573,old
JIBAL_416E362N_S,36.23740,41.62102,old
ALTH_440E340N_S,34.02656,44.08916,old
KARMIINIYYA_654E401N_S,40.14581,65.40937,old
MALIN_621E341N_S,34.18473,62.19614,old
تماجر,null,null,null
RUHBA_364E276N_R,27.67097,36.48835,old
بامهر,null,null,null
ZANDARAMASH_720E402N_S,40.24237,72.08263,old
ROUTPOINT1708_698E376N_O,37.63329,69.88956,old
TABRIZ_463E380N_S,38.06387,46.33121,old
KARU_516E317N_S,31.79256,51.69552,old
HAMADHAN_485E347N_S,34.77554,48.57908,old
QURUS_369E367N_S,36.72960,36.94952,old
MURAYZIJAN_543E288N_S,28.80847,54.39753,old
QALUNIYAAWFI_384E403N_S,40.32189,38.49484,old
HISNZIYAD_392E387N_S,38.75874,39.22470,old
ARIQA_437E173N_S,17.31174,43.71306,old
ASBARA_707E401N_S,40.13989,70.70139,old
MIHRAWAN_536E366N_S,36.68468,53.69593,old
ROUTPOINT1211_053W341N_O,34.16618,-5.32758,old
KHATUNKATH_693E414N_S,41.43060,69.39376,old
ASFABJAY_670E305N_S,30.58971,67.02922,old
RUSTAQBIK_699E371N_S,37.11046,69.91617,old
WUJAYN_757E232N_S,23.20809,75.78308,old
SHAHRAZUR_460E352N_R,35.25767,46.01676,old
أندرابة,null,null,null
ROUTPOINT1209_038W351N_O,35.18225,-3.84972,old
SHARURA_434E178N_S,17.85975,43.43742,old
BAJA_092E366N_S,36.67738,9.20563,old
أشترمغك,36.77177450586738,61.330200169157166,new
BUSHTBADHAM_554E330N_S,33.02224,55.41827,old
BUST_643E313N_S,31.39108,64.39078,old
KHURRA_519E292N_S,29.22327,51.97730,old
HAJR_467E246N_S,24.64352,46.73212,old
LURQA_017W376N_S,37.65320,-1.73128,old
MANF_312E298N_S,29.85447,31.25648,old
ADAN_450E127N_S,12.79365,45.03942,old
SHATNUF_310E302N_S,30.23314,31.06351,old
BUWAYB_315E301N_S,30.16955,31.57979,old
SIRAWAN_468E335N_S,33.52303,46.86539,old
RAFIQA_307E306N_S,30.69470,30.73593,old
QABALA_476E407N_S,40.79878,47.65158,old
عسكر ابى جعفر,null,null,null
NAWA_360E328N_S,32.88099,36.02865,old
ROUTPOINT1704_649E359N_O,35.96204,64.92682,old
TALLFARASHA_413E369N_S,36.98150,41.34352,old
قرية جويم,29.863898767283292,52.30541958906903,new
KAZARUN_516E296N_S,29.60743,51.68412,old
JUBLAN_436E142N_S,14.27880,43.67157,old
JISRSURA_443E326N_S,32.64626,44.36585,old
QARINAYN_624E365N_S,36.57540,62.44974,old
ABIWARD_595E372N_S,37.27000,59.59733,old
نشديغن,null,null,null
ARJUNA_040W379N_S,37.92040,-4.05300,old
DARWADH_501E350N_S,35.00944,50.19954,old
يثرب,null,null,null
ماویة,null,null,null
HIT_428E336N_S,33.64370,42.80628,old
FARHAKIRD_595E357N_S,35.78200,59.56978,old
AKHSHIKATH_713E409N_S,40.91733,71.36392,old
كهن روذ,null,null,null
SUQASAD_442E324N_S,32.48043,44.29724,old
AQSUR_326E257N_S,25.72063,32.61253,old
AKHDAMIYYA_422E322N_S,32.28927,42.23928,old
MASILA_045E356N_S,35.66309,4.53218,old
BIYABSHURAB_526E286N_S,28.69894,52.68133,old
ROUTPOINT0206_385E375N_O,37.50303,38.56052,old
JARNAN_396E379N_S,37.92941,39.61765,old
SHAYZAR_365E352N_S,35.25585,36.55938,old
AZAM_490E312N_S,31.24752,49.04158,old
جراناباذ,33.756116835460524,49.80045756603007,new
JULLAFAR_559E257N_S,25.75227,55.98855,old
AYNJARR_359E337N_S,33.72730,35.90422,old
KHASH_705E410N_S,41.02958,70.53285,old
TALASTANA_614E370N_S,37.03409,61.47492,old
الندامة,null,null,null
GHAZZA_344E314N_S,31.49664,34.45664,old
زبید,null,null,null
BARADAN_443E335N_S,33.50829,44.36092,old
رزمانان,null,null,null
سروستان,null,null,null
برزانيان,null,null,null
FARAYA_369E348N_S,34.87271,36.93472,old
FAYD_425E270N_S,27.06977,42.50815,old
MUSAYLIHA_499E261N_S,26.18157,49.98216,old
QAFSA_088E344N_S,34.40681,8.82032,old
RUHAYMA_439E318N_S,31.85995,43.95117,old
SINJAR_418E363N_S,36.32446,41.89101,old
ZARAND_565E308N_S,30.82737,56.59714,old
RAKAN_527E297N_S,29.77510,52.74824,old
NIHAWAND_483E342N_S,34.21512,48.39263,old
QUBA_395E244N_S,24.44572,39.58264,old
JISRJAHANNAM_502E314N_S,31.47670,50.23675,old
بدوخكث,null,null,null
BISTAM_550E364N_S,36.45952,55.07205,old
AWJILA_212E289N_S,28.95651,21.21413,old
QASRLUSUS_479E344N_S,34.49580,47.90457,old
SIMNAN_534E354N_S,35.49513,53.40856,old
ROUTPOINT1002_308E310N_O,31.00529,30.87188,old
KISHSH_668E390N_S,39.03102,66.84071,old
بايماب,null,null,null
بدا یعقوب,null,null,null
RIBATSARAB_663E318N_S,31.85842,66.38343,old
ROUTPOINT0708_577E227N_O,22.79185,57.71540,old
الرحیل,null,null,null
JASIM_360E329N_S,32.98099,36.04321,old
BARDHAA_472E404N_S,40.45334,47.23624,old
ASQALAN_345E316N_S,31.66572,34.55455,old
ROUTPOINT1216_100E356N_O,35.62546,10.08173,old
KUHBARJAN_577E276N_S,27.67797,57.75501,old
المعلاة,null,null,null
KHASHT_639E343N_S,34.34906,63.94658,old
ينابد,null,null,null
ARBUNA_030E431N_S,43.18643,3.00118,old
ZARUDUWA_548E294N_S,29.41342,54.85047,old
SABZAWAR_576E361N_S,36.15624,57.66932,old
شاواب,null,null,null
HAMA_367E351N_S,35.12587,36.76872,old
ريكان,null,null,null
GHARANDAL_351E300N_S,30.03245,35.17023,old
BARAB_534E278N_S,27.88081,53.43209,old
ROUTPOINT1916_617E308N_O,30.83356,61.70041,old
ATBASH_758E411N_S,41.16025,75.81567,old
QALAKARMATA_043W341N_S,34.19475,-4.31719,old
HAMMA_081E340N_S,34.05630,8.19472,old
JAKIN_574E272N_S,27.22823,57.46843,old
SANDAN_730E199N_S,19.90633,73.01422,old
HULBUK_698E378N_S,37.87023,69.85097,old
JURJAN_552E371N_R,37.19091,55.20600,old
SAKSH_521E326N_S,32.69688,52.12330,old
BUSRA_364E325N_S,32.51503,36.43071,old
HISNBADRA_514E333N_S,33.39951,51.46355,old
طميسة,null,null,null
SUSANQIN_500E350N_S,35.02740,50.02954,old
جب سعيد,39.24467988422232,65.23573387549243,new
DAKHARRAQAN_459E377N_S,37.72041,45.98591,old
بشتر,31.494948688826174,61.67516747946439,new
LABWA_363E341N_S,34.19007,36.33244,old
QARYAUYUN_355E333N_S,33.36423,35.56778,old
KAHAMANDA_531E302N_S,30.28490,53.19750,old
طابران,null,null,null
SUR_352E332N_S,33.26921,35.20796,old
ABBASIYYA_317E305N_S,30.53647,31.70644,old
DIZAK_622E273N_S,27.36457,62.26752,old
ROUTPOINT1404_049W375N_O,37.55276,-4.96388,old
شغب,null,null,null
JIZA_312E300N_S,30.00653,31.20183,old
DALAS_311E292N_S,29.21524,31.16142,old
RIBATABDALLAH_639E313N_S,31.37330,63.92927,old
BADLIS_421E383N_S,38.39550,42.13266,old
الخرقان,null,null,null
مروالروذ,null,null,null
MALLAHA_593E355N_S,35.53664,59.36352,old
BILBAYS_315E304N_S,30.41776,31.57097,old
QAMUHUL_717E236N_S,23.61826,71.72209,old
سمیراء,null,null,null
BAMIYAN_678E348N_S,34.84737,67.80206,old
ملعب الملك,null,null,null
THALABIYYA_431E282N_S,28.29472,43.16528,old
فيق,null,null,null
MASHKUYA_507E353N_S,35.30758,50.77259,old
RIBAT_534E291N_S,29.12318,53.44663,old
الدكان,null,null,null
KASHISTAN_562E281N_S,28.11572,56.29939,old
QANTARANUMAN_476E344N_S,34.46868,47.65232,old
خرماروذ,null,null,null
ANBAR_659E362N_S,36.20578,65.94751,old
HARA_544E301N_S,30.11392,54.41315,old
RIBATSANDAH_617E412N_S,41.23222,61.76738,old
MARDIN_407E373N_S,37.30186,40.71117,old
ROUTPOINT0115_355E326N_O,32.69767,35.54536,old
FARAMA_325E310N_S,31.02282,32.59811,old
GHAWR_354E318N_R,31.86882,35.48149,old
ROUTPOINT1401_053W362N_O,36.26656,-5.35593,old
MARABADH_630E343N_S,34.33710,63.00426,old
ROUTPOINT1908_617E261N_O,26.12472,61.73465,old
خير,null,null,null
KARWAN_718E414N_S,41.48396,71.83079,old
ساغن,null,null,null
NABULUS_352E322N_S,32.22047,35.24238,old
HADATH_375E377N_S,37.73001,37.52545,old
طرابلس,null,null,null
KAZIMA_479E292N_S,29.29998,47.92209,old
SUBANIKATH_688E423N_S,42.36818,68.89105,old
ROUTPOINT0803_431E161N_O,16.10818,43.12845,old
KHABARAN_498E309N_S,30.96763,49.80777,old
DARIZ_515E296N_S,29.66188,51.54129,old
قرقيسيا,null,null,null
الجسر المحترق,null,null,null
إسبيدروذ,null,null,null
ATHAFIT_439E161N_S,16.11174,43.97249,old
ATMIN_366E353N_S,35.31245,36.62191,old
TABARQA_088E369N_S,36.91556,8.81185,old
BAYDA_523E300N_S,30.03958,52.36712,old
نوزكات,null,null,null
السرین,null,null,null
KARB_542E282N_S,28.26649,54.21531,old
NUQAN_595E362N_S,36.20578,59.59168,old
الشبيكة(السنبلة),null,null,null
الخبارجان,null,null,null
ROUTPOINT0902_353E303N_O,30.37325,35.36474,old
AMUL_524E364N_S,36.42256,52.40859,old
NAIN_531E328N_S,32.84212,53.11258,old
QURTUBA_047W379N_S,37.91898,-4.78135,old
SATIF_054E361N_S,36.15863,5.40760,old
ARISH_338E311N_S,31.12453,33.80807,old
TUSTAR_488E320N_S,32.05110,48.85461,old
جبل طارق,null,null,null
DINAZARI_559E375N_S,37.57458,55.99881,old
الخان حان لنجان,null,null,null
TURABA_416E212N_S,21.25283,41.64030,old
SUBAYTILA_092E352N_S,35.23365,9.22256,old
QURQUB_477E321N_S,32.17254,47.70188,old
ZANDANA_643E399N_S,39.98407,64.38760,old
BABHADID_670E382N_O,38.22114,67.03158,old
KABUL_352E328N_S,32.86543,35.21458,old
MAHDIYYA_110E354N_S,35.49133,11.05807,old
HARBA_441E339N_S,33.95808,44.18508,old
RUDHRAWAR_483E346N_S,34.62225,48.39263,old
QARYATAN_372E342N_S,34.22510,37.24976,old
مهرجاناواذ,null,null,null
KHUZAYMIYYA_431E279N_S,27.91046,43.13666,old
KHALAT_413E320N_S,32.07507,41.37298,old
النوق,null,null,null
JUBANAN_534E297N_S,29.79117,53.44398,old
قاووس,null,null,null
RUSAFA_387E356N_S,35.60242,38.77933,old
HUSA_420E317N_S,31.70731,42.07352,old
نهر دبا,30.4574829906621,47.98809011382891,new
BAKRABADH_658E315N_S,31.59434,65.86183,old
ROUTPOINT1729_693E383N_O,38.31427,69.33481,old
شرف البعل,null,null,null
JABALFIDDA_614E353N_S,35.31157,61.44101,old
KHANASAD_522E295N_S,29.56820,52.22036,old
ترمانة,null,null,null
BANKHASH_700E409N_S,40.99377,70.00883,old
SIRR_568E230N_S,23.05520,56.82897,old
كوفن,null,null,null
جبال الديلم,null,null,null
RIBATATIQ_650E394N_S,39.44667,65.02339,old
غزنين,null,null,null
قرية الخلاف,null,null,null
ABARQUH_532E311N_S,31.15094,53.25737,old
AQRA_378E271N_S,27.15186,37.83126,old
KUSWA_362E333N_S,33.35826,36.23184,old
ROUTPOINT1702_592E359N_O,35.96126,59.25769,old
تاكنست,null,null,null
يافه,31.79464521721402,34.70893081929979,new
AWDHANA_102E365N_S,36.59668,10.28004,old
BAND_620E260N_S,26.09290,62.05375,old
MINDAS_008E356N_S,35.67814,0.82730,old
SAYYALA_393E241N_S,24.19669,39.35343,old
JARUJIRD_618E375N_S,37.50068,61.87474,old
NUZWAR_593E420N_S,42.00196,59.39815,old
RIBATTUGHAN_628E401N_S,40.18541,62.82511,old
ATASHKAHAN_567E336N_S,33.67155,56.78965,old
FAZ_622E373N_S,37.39749,62.29575,old
برسخان الأعلى,null,null,null
AJARUD_323E300N_S,30.05828,32.38039,old
MADINA_396E244N_S,24.47782,39.60908,old
DAKHWID_512E303N_S,30.30738,51.25820,old
HAMADHAN_485E347N_R,34.77554,48.57908,old
RIBATKHUWARAN_653E385N_S,38.54277,65.33793,old
TIFLIS_448E420N_S,42.08410,44.83734,old
DAYLAMAN_505E366N_R,36.69592,50.52548,old
ROUTPOINT0702_392E224N_O,22.41979,39.24636,old
JALULA_098E357N_S,35.77610,9.86192,old
MARAND_458E384N_S,38.46017,45.80321,old
ROUTPOINT1403_057W376N_O,37.60122,-5.72640,old
کدی,null,null,null
BARWAN_692E351N_S,35.17084,69.25887,old
JUBAYL_356E341N_S,34.12764,35.65206,old
ROUTPOINT0401_482E321N_O,32.19102,48.22336,old
TABARIYYA_355E327N_S,32.77755,35.51241,old
الصليق,null,null,null
ARFAJA_487E276N_S,27.68528,48.72446,old
صيدا,null,null,null
BASH_071W388N_S,38.87561,-7.17410,old
ROUTPOINT0610_562E290N_O,29.09437,56.21906,old
BARDASIR_571E303N_R,30.30962,57.10475,old
ROUTPOINT1711_692E372N_O,37.28694,69.23151,old
KUFA_443E320N_S,32.03808,44.39355,old
BIYAR_558E360N_S,36.05824,55.86992,old
JIRUNDA_028E419N_S,41.93607,2.84472,old
NUMANIYYA_454E325N_S,32.59694,45.42650,old
JULLAB_389E374N_S,37.41051,38.91048,old
ARJIKUK_014W352N_S,35.28205,-1.45702,old
MAARRANUMAN_366E356N_S,35.64344,36.69124,old
KHAYSAR_625E342N_S,34.27292,62.58466,old
المشهد,null,null,null
GHUBAYRA_569E297N_S,29.72844,56.97972,old
NUJAY_564E341N_S,34.11501,56.48900,old
كراباذ,null,null,null
ماذرواستان,null,null,null
كركويش,null,null,null
KANJABADH_639E357N_S,35.78873,63.98233,old
URF_442E150N_S,15.09101,44.27297,old
مدین,null,null,null
AMID_402E379N_S,37.91510,40.21323,old
FURAT_383E358N_W,35.81449,38.38504,old
ARQA_379E383N_S,38.36373,37.96251,old
RIBATBUSHTKHAMM_552E295N_S,29.56070,55.28258,old
MADHAR_678E353N_S,35.38044,67.85287,old
FURJ_551E283N_S,28.31921,55.16805,old
KHUNAN_455E413N_S,41.39027,45.50578,old
NUBAGH_598E422N_S,42.26880,59.81853,old
RIBATHAJARIYYA_658E313N_S,31.39074,65.88026,old
ASFARAYIN_574E369N_S,36.98777,57.43023,old
HANIYYARUM_288E308N_S,30.80549,28.85190,old
RAIN_574E296N_S,29.61311,57.49859,old
HULWAN_459E344N_S,34.47862,45.93468,old
رنیة,null,null,null
KHABR_563E288N_S,28.85863,56.31341,old
AHWAZ_486E313N_R,31.32986,48.69059,old
BALAYAN_694E411N_S,41.11173,69.45575,old
نسا,null,null,null
الأفلاغونية,null,null,null
موضع بغراخاقان,null,null,null
KHANRUSHAN_520E312N_S,31.25559,52.02871,old
SALUMAK_599E346N_S,34.64655,59.98232,old
QURH_379E265N_S,26.55412,37.99288,old
ROUTPOINT0205_390E368N_O,36.88700,39.05795,old
TUZ_422E267N_S,26.71435,42.29198,old
BADHASH_551E363N_S,36.33289,55.17875,old
BATNNAKHL_400E248N_R,24.85968,40.00579,old
بوراب,null,null,null
SAYMUR_730E185N_S,18.58187,73.04586,old
كلنا,null,null,null
ARJ_392E238N_O,23.85851,39.20944,old
BANATJARM_427E192N_O,19.20706,42.78290,old
ARKU_072E360N_S,36.05429,7.20287,old
BAGHLAN_687E362N_S,36.23560,68.77093,old
معدن الفضة,null,null,null
BANNA_569E344N_S,34.42374,56.97011,old
ROUTPOINT1918_679E330N_O,33.05542,67.99886,old
TARAFA_400E245N_S,24.59544,40.02342,old
SHANTARIN_087W392N_S,39.22337,-8.71712,old
الخمازية,null,null,null
أشبورقان,null,null,null
NAHRTIRA_483E314N_S,31.46790,48.38090,old
MAHRUBAN_502E300N_S,30.06436,50.21436,old
BALUR_520E358N_S,35.81911,52.06670,old
HARA_621E343N_R,34.33419,62.15235,old
KUHBAYAN_562E313N_S,31.38012,56.29779,old
سمندو,null,null,null
SAMIRA_420E264N_S,26.41998,42.03339,old
MULTAN_714E301N_S,30.17568,71.40071,old
SARAYSHAHR_597E281N_S,28.17735,59.73164,old
TABASJILAKI_569E335N_S,33.58656,56.94144,old
AHWAZ_486E313N_S,31.32986,48.69059,old
KHUR_584E329N_S,32.93881,58.45153,old
ZIYADABADHZIYADAWADH_532E298N_S,29.83708,53.22441,old
كورد وكلار,null,null,null
THUJJA_441E139N_S,13.97911,44.17683,old
JISRKUTHA_443E328N_S,32.87594,44.36973,old
KATH_607E417N_S,41.72062,60.70385,old
BATALYUS_069W388N_S,38.83500,-6.99606,old
برك,null,null,null
كير حراس,null,null,null
QASR_312E300N_S,30.01540,31.24253,old
MADINBANUSULAYM_408E235N_O,23.53832,40.82270,old
JABRAWAN_456E369N_S,36.96475,45.60275,old
KASHAN_645E358N_S,35.88354,64.54957,old
BAKUH_498E403N_S,40.37900,49.86422,old
رباط فيروزقند,null,null,null
SIRJAN_557E294N_S,29.46102,55.74854,old
رباط شار,null,null,null
MAS_519E314N_O,31.44454,51.91938,old
SHALANBA_520E356N_S,35.68449,52.04723,old
رباط علياباذ,null,null,null
AWSAJA_440E259N_S,25.98495,44.07861,old
RAMASHAHRISTAN_612E303N_S,30.32501,61.20990,old
الزيز,null,null,null
HAQL_350E292N_S,29.27449,35.03845,old
QASRATISH_181E305N_S,30.54115,18.19751,old
YAHUDIYYATAYN_177E307N_S,30.77615,17.72231,old
KAHLAN_448E139N_R,13.96335,44.85637,old
قرية غرم,null,null,null
USWAN_329E241N_S,24.10701,32.98286,old
QARAJUN_644E395N_S,39.56944,64.42927,old
ROUTPOINT1720_654E389N_O,38.97694,65.40939,old
سفا,null,null,null
BIZA_078W390N_S,39.02806,-7.87188,old
بخارا,null,null,null
MILIYANA_022E362N_S,36.27861,2.22246,old
JARMAQ_549E335N_S,33.55385,54.93672,old
ROUTPOINT1710_692E381N_O,38.13029,69.25665,old
JAR_385E238N_S,23.81820,38.50713,old
SAWJAR_508E320N_S,32.09289,50.84351,old
برزرة,28.11814121662677,52.379281895226335,new
KAHUN_553E288N_S,28.87915,55.33985,old
AYNTAMR_435E326N_S,32.62337,43.52574,old
الصفصاف,null,null,null
QALA_576E226N_S,22.68969,57.66352,old
DARA_409E371N_S,37.18527,40.94689,old
MARASH_369E375N_S,37.58314,36.92987,old
MUHALLABI_561E334N_S,33.40323,56.18509,old
BALKHAB_478E393N_S,39.34245,47.82733,old
BUSANJ_614E343N_S,34.35023,61.47787,old
دزاوند,null,null,null
QARA_368E341N_S,34.16598,36.84868,old
RIBATASTANA_647E392N_S,39.21625,64.76666,old
JUWAYMABUAHMAD_539E281N_S,28.14336,53.94661,old
DARBANA_574E290N_S,29.06085,57.48653,old
JABALJUDI_425E373N_O,37.36064,42.51884,old
المحراقة,null,null,null
QA_653E363N_S,36.35640,65.32516,old
أناس,30.167652748196463,55.89108951730922,new
MARWA_385E257N_S,25.71785,38.58647,old
MAYAMURGH_652E390N_S,39.04225,65.22233,old
JUSIYA_365E344N_S,34.44699,36.56409,old
TABISTAN_538E289N_S,28.94971,53.81699,old
RIBATKUFAN_593E372N_S,37.24076,59.38400,old
AMQ_364E363N_S,36.38345,36.47102,old
QUTAYYIFA_366E337N_S,33.74546,36.60247,old
السوس الأدنى,null,null,null
QULZUM_325E300N_S,30.02822,32.55684,old
وفراوندة,null,null,null
ASBARA_735E427N_S,42.77192,73.56945,old
الاسحاقية,null,null,null
بئر,30.049547501835743,52.9948282338144,new
TAHUDHA_058E347N_S,34.79932,5.82783,old
FAGHKATH_690E398N_S,39.83509,69.01759,old
KARUKH_625E344N_S,34.47814,62.54651,old
ZABADANI_360E337N_S,33.73115,36.08756,old
GHAYFA_315E303N_S,30.38241,31.51348,old
SULUQ_202E314N_S,31.40180,20.24835,old
SARAKHS_611E365N_S,36.51694,61.18671,old
KHALIJBANUJUMAY_408E345N_S,34.54577,40.85162,old
ROUTPOINT1801_471E433N_O,43.32408,47.11116,old
الخان,null,null,null
الناووسة,null,null,null
BADHAKHSHAN_707E375N_R,37.59609,70.79525,old
HAZAR_524E299N_S,29.94029,52.49428,old
BAQIA_373E322N_S,32.21167,37.32662,old
KHAZANA_546E323N_S,32.32168,54.65669,old
BANAKATH_688E407N_S,40.71867,68.80969,old
WASHQA_003W421N_S,42.16109,-0.35371,old
TANDALI_071W317N_S,31.78429,-7.17841,old
NAWIKATH_758E430N_S,43.06700,75.87766,old
HARRAN_390E368N_S,36.88438,39.08906,old
خوزن,null,null,null
DAHLIZAN_499E307N_S,30.77763,49.97179,old
KHANLANJAN_515E324N_S,32.40331,51.56268,old
حويران,null,null,null
الحدادية,null,null,null
رستاق الرستاق,null,null,null
ROUTPOINT1604_518E356N_O,35.69230,51.83058,old
LURDAJAN_507E315N_S,31.53831,50.73914,old
TAJANNA_013E363N_S,36.34557,1.35022,old
SUQARBAA_485E309N_S,30.94139,48.52390,old
ARAFAT_402E213N_S,21.32282,40.20316,old
ارجان,30.535126261919437,50.41284157696337,new
ROUTPOINT1220_075E356N_O,35.68292,7.59215,old
RAMHURMUZ_496E312N_S,31.28576,49.60131,old
الخوزية,null,null,null
FUDAYN_405E354N_S,35.41480,40.59626,old
QARMUNA_056W374N_S,37.42933,-5.64097,old
عقبة أفيق,null,null,null
ROUTPOINT1703_621E343N_O,34.37470,62.15348,old
RASAYN_380E250N_S,25.06481,38.05459,old
DIMYAT_317E314N_S,31.43739,31.79125,old
أقصى الغوطة,null,null,null
نفرة,null,null,null
HALAWARD_687E378N_S,37.83441,68.78102,old
SIKKAHAMMAM_267E311N_S,31.19426,26.77604,old
SANBIL_501E307N_S,30.72440,50.14499,old
JISRMANBIJ_382E366N_S,36.67173,38.22057,old
JABALA_359E353N_S,35.36567,35.95309,old
جبل,32.547714054643976,45.697835264963445,new
رباط كشر,null,null,null
DASKAKHANKHAS_599E418N_S,41.84474,59.93725,old
KARKUYAH_617E312N_S,31.26104,61.74272,old
QANT_004W383N_S,38.34618,-0.47061,old
NAIMA_354E337N_S,33.77683,35.46741,old
أرمية,null,null,null
زردوخ بريدا,null,null,null
الكرسي,null,null,null
HULWAN_562E339N_S,33.94771,56.22435,old
وبير,null,null,null
RIBATZANJI_574E348N_S,34.84612,57.43239,old
ROUTPOINT0112_346E318N_O,31.88174,34.69828,old
BASHAN_623E342N_S,34.28751,62.37698,old
QAW_314E269N_S,26.94253,31.47498,old
ABWA_390E232N_S,23.22814,39.09484,old
MISKYANA_077E356N_S,35.61620,7.73214,old
قصر الدرق,null,null,null
MANSAF_320E301N_S,30.18702,32.05366,old
JUNBADHMALLAGHAN_508E302N_S,30.29389,50.84951,old
SIRAF_523E276N_S,27.69666,52.34306,old
ABKHAN_483E408N_S,40.88004,48.38086,old
بارجاخ,null,null,null
كفركيلا,null,null,null
ARJAMUSH_358E338N_S,33.86315,35.89165,old
SALAMIYYA_370E350N_S,35.00401,37.07106,old
فرخان,null,null,null
NASAF_658E388N_S,38.86245,65.81040,old
DIZ_484E323N_S,32.38975,48.42219,old
يونان,40.16130389028501,47.349250237162316,new
RIBATHADID_628E380N_S,38.04920,62.80686,old
جيحون,null,null,null
خنكل اباذ,null,null,null
ROUTPOINT1715_705E404N_O,40.43031,70.58950,old
HISNMAHDI_483E305N_S,30.52571,48.33301,old
SADA_437E169N_S,16.94530,43.76442,old
BAMM_583E291N_S,29.10304,58.34327,old
SHURMIN_635E347N_S,34.72729,63.51568,old
DATHINA_458E138N_R,13.81354,45.89739,old
DAYBUL_676E244N_S,24.43756,67.69101,old
DAWRAQ_489E308N_S,30.81069,48.92625,old
قرية جرا,null,null,null
ROUTPOINT1215_099E354N_O,35.46735,9.97946,old
ROUTPOINT0211_430E389N_O,38.97385,43.09565,old
MAZARII_430E366N_S,36.63683,43.05500,old
QARYAAS_539E296N_S,29.69008,53.92036,old
WADIMUSA_354E303N_S,30.33334,35.47226,old
MUHDATHA_371E315N_S,31.51278,37.15494,old
يعاث,null,null,null
FAMIYYA_364E354N_S,35.41665,36.40440,old
قلعة الحسن بن علي,null,null,null
رباط الاوقل,null,null,null
ISHTIKHAN_668E399N_S,39.94544,66.87902,old
MAWR_428E157N_S,15.73119,42.89942,old
BAMIYAN_678E348N_R,34.84737,67.80206,old
عقبة الشهداء,null,null,null
دير بازما,null,null,null
JALULA_451E341N_S,34.17989,45.11759,old
RAWARA_386E320N_S,32.03911,38.64087,old
ARMABIL_663E262N_S,26.23769,66.38343,old
ROUTPOINT1612_471E405N_O,40.52049,47.19945,old
ROUTPOINT0804_428E164N_O,16.45034,42.81942,old
AKHSISAK_652E378N_S,37.88800,65.26937,old
JAMM_523E278N_S,27.81680,52.39133,old
ABBADAN_482E303N_S,30.33563,48.27394,old
RUSTAJIRD_502E317N_S,31.71801,50.29984,old
روزوند,null,null,null
الثعلبیة,null,null,null
BAYRUT_355E339N_S,33.90162,35.50910,old
BUNJIKATH_676E394N_S,39.46899,67.65863,old
DHUHULAYFA_395E244N_S,24.40558,39.56501,old
بسابك,30.657930156672265,50.19203289593249,new
رباطروذ,null,null,null
MAAB_357E312N_S,31.25790,35.73272,old
BATHANIYYA_361E327N_S,32.72189,36.15837,old
الزط,null,null,null
كاث,41.69563233243696,60.656320996101755,new
DAYRNASARA_330E311N_S,31.14397,33.05753,old
FAMADUDI_481E304N_W,30.41602,48.14211,old
KHUSHUNUBA_079W370N_S,37.06463,-7.90515,old
MUBARAK_398E355N_S,35.58832,39.83950,old
ISBIDH_599E299N_S,29.91949,59.96927,old
عين الحجر,null,null,null
KHAWARISTAN_540E299N_S,29.95166,54.09036,old
ABARKATH_673E397N_S,39.79611,67.38308,old
ابادان,null,null,null
ROUTPOINT0608_529E326N_O,32.69885,52.92404,old
دره,null,null,null
حارفة,null,null,null
ASAK_522E358N_S,35.87340,52.21623,old
SANKAN_594E350N_S,35.05003,59.41155,old
ABSHIN_635E352N_S,35.24882,63.52800,old
SAKHA_309E310N_S,31.08645,30.92519,old
FUTUQ_412E214N_S,21.44752,41.28101,old
MALATIN_383E383N_S,38.35806,38.35767,old
HADITHA_423E341N_S,34.10682,42.38707,old
الحارله,null,null,null
QASRBANUWARDAS_084W383N_S,38.36698,-8.48333,old
مخيل,null,null,null
TABASSA_081E353N_S,35.37489,8.13227,old
QABIS_100E338N_S,33.86603,10.08563,old
KARDIZ_691E336N_S,33.62249,69.15407,old
عميان,null,null,null
HAWDHAJIB_554E335N_S,33.57348,55.43921,old
اوزارمند,null,null,null
جنبد,null,null,null
رباط جرا,null,null,null
TALLAFAR_424E363N_S,36.36312,42.49401,old
ROUTPOINT0207_380E379N_O,37.90914,38.06612,old
AQABA_251E314N_S,31.42889,25.18308,old
ZARQA_360E320N_S,32.07029,36.08689,old
HISNMANSUR_380E378N_S,37.82371,38.05966,old
دات العشر,null,null,null
DAYRAQUL_449E329N_S,32.91181,44.98460,old
NAHRMALIK_445E329N_W,32.94875,44.50953,old
ROUTPOINT0606_579E326N_O,32.63282,57.91210,old
AQABARUMMAN_361E338N_S,33.88074,36.18816,old
ZAWILA_147E257N_S,25.78099,14.78841,old
GHAMRSURKH_572E318N_S,31.88986,57.21668,old
BAYLAMAK_547E378N_S,37.88855,54.72705,old
خوار الرى,null,null,null
TAHIRIYYA_625E398N_S,39.80992,62.52055,old
JARMWA_547E286N_S,28.60070,54.79060,old
ARASKAN_634E357N_S,35.74074,63.44735,old
MANHAB_422E272N_R,27.27430,42.21215,old
ZUBALA_435E294N_S,29.40521,43.56390,old
مرجهينة,36.17568879191809,43.25991853592813,new
ISBIJAB_697E422N_R,42.23062,69.75409,old
DIZ_484E329N_S,32.98650,48.45021,old
البحيرة الحلوة,null,null,null
نوكباغ,null,null,null
SHURAKHAN_609E415N_S,41.50228,60.94019,old
برزيان,null,null,null
KURDAKAN_556E297N_S,29.79365,55.67825,old
BABABWAB_483E420N_S,42.04308,48.30854,old
DARKUJUWI_577E307N_S,30.76476,57.77635,old
ATHARIB_368E361N_S,36.13792,36.83533,old
خواص,null,null,null
الشجى,null,null,null
ROUTPOINT1417_005E407N_O,40.78294,0.54908,old
ROUTPOINT1101_331E259N_O,25.90701,33.13064,old
ASFUZAR_621E332N_S,33.24402,62.12974,old
ASHRASHAL_022E365N_S,36.54100,2.25421,old
UNBUWA_329E244N_S,24.46534,32.98745,old
JURAB_489E342N_S,34.21059,48.90536,old
BIH_613E262N_S,26.22927,61.33378,old
JARAWAABUAYSH_022W350N_S,35.09519,-2.28691,old
WAJRA_409E220N_S,22.03204,40.98726,old
WASHJIRD_692E384N_S,38.46704,69.21115,old
NABK_374E312N_S,31.21242,37.46475,old
SAWA_504E349N_S,34.97799,50.42711,old
QARA_468E274N_S,27.45084,46.88787,old
BADAH_499E312N_S,31.29164,49.96262,old
كوفى,null,null,null
ROUTPOINT1618_547E376N_O,37.63592,54.76182,old
KAND_705E402N_S,40.29225,70.51735,old
SALILA_412E243N_S,24.34402,41.22235,old
NAMALATA_046W341N_S,34.13739,-4.62840,old
MAHALLAQAYYASIN_668E374N_S,37.44577,66.88170,old
LUR_483E325N_R,32.53782,48.30291,old
TUTILA_016W420N_S,42.04634,-1.62697,old
SULAYMA_473E241N_S,24.15648,47.35509,old
صامغر,null,null,null
RIBATALIYYABADH_537E357N_S,35.74424,53.73487,old
MILA_525E364N_S,36.47080,52.55267,old
NAJAF_443E319N_S,31.98379,44.33826,old
TILIMSAN_013W348N_S,34.88186,-1.32364,old
MAYANIJ_477E374N_S,37.40341,47.74052,old
HAWRAN_367E326N_S,32.65059,36.73153,old
KAJ_513E349N_S,34.92405,51.31000,old
BUNA_077E368N_S,36.88509,7.74061,old
ROUTPOINT1619_495E359N_O,35.98341,49.57716,old
QANTARASIF_068W396N_S,39.69061,-6.84140,old
TUNIS_101E367N_S,36.77071,10.17736,old
MAAN_357E301N_S,30.19664,35.72442,old
MAKKA_398E213N_S,21.39132,39.83612,old
SUWAYDA_365E326N_S,32.69627,36.55945,old
ROUTPOINT0103_350E315N_O,31.57487,35.07899,old
SUHAR_566E243N_S,24.35205,56.69086,old
ROUTPOINT1003_319E307N_O,30.77793,31.97132,old
برديج,null,null,null
ROUTPOINT1713_663E386N_O,38.62997,66.31703,old
باس وجكين,null,null,null
RASSIKR_528E297N_S,29.77510,52.87257,old
RIBATHAFS_548E368N_S,36.81760,54.88904,old
MASHKA_639E274N_S,27.46467,63.94609,old
JURZUWAN_658E358N_S,35.88517,65.87895,old
MAHALLAABUKHURASHA_306E310N_S,31.02501,30.61583,old
BARBUR_604E272N_S,27.25778,60.41989,old
JAZIRAJABALTARIQ_053W361N_S,36.16752,-5.33071,old
SHIBAM_439E155N_S,15.51632,43.90335,old
ARRAJAN_502E306N_S,30.61030,50.29766,old
NUJAKATH_677E399N_S,39.94338,67.73525,old
سيمور,null,null,null
DARABAJIRD_545E287N_S,28.75143,54.54591,old
DABA_562E255N_S,25.59071,56.22657,old
خاوس,null,null,null
جبل بيستون,34.39617695452716,47.37496577444922,new
LADHIQIYYA_358E355N_S,35.51961,35.80763,old
بدش,null,null,null
ABYAD_424E318N_S,31.86163,42.45438,old
ROUTPOINT1911_653E276N_O,27.67109,65.31533,old
BIRBAR_575E321N_S,32.13350,57.50413,old
QASHAN_515E339N_S,33.96762,51.50468,old
MANZILBAYLAQAN_463E360N_S,36.09869,46.35428,old
بئر الجمالين,null,null,null
SIRRAYN_407E198N_S,19.83698,40.76268,old
JUBBAWSAJ_273E310N_S,31.04479,27.30318,old
TABARIDA_033W343N_S,34.32074,-3.30734,old
BAGHNIN_650E327N_S,32.71541,65.00452,old
RUR_689E276N_S,27.65788,68.90569,old
NAZWA_575E228N_S,22.86309,57.52541,old
SIJILMASA_042W312N_R,31.27819,-4.23723,old
BANIYAS_356E332N_S,33.25150,35.67787,old
UJAYFIR_387E316N_S,31.65819,38.71981,old
KUSHKAN_533E327N_S,32.70128,53.32456,old
تل حور,null,null,null
MAJDALSALIM_354E332N_S,33.22604,35.43299,old
ROUTPOINT1210_038W342N_O,34.27893,-3.85483,old
قرية الحطب,29.60868223281157,51.812860547303735,new
MAHJARA_435E176N_S,17.60657,43.54039,old
BALABAKK_361E340N_S,34.01251,36.19213,old
قرية الجن,null,null,null
SHANTARA_093W388N_S,38.80838,-9.37353,old
BISHA_426E199N_S,19.93935,42.62594,old
BULUNYAS_359E351N_S,35.18256,35.97212,old
دارجين,null,null,null
RIBATIBNRUSTAM_514E330N_S,33.07845,51.48549,old
QADISIYYA_441E316N_S,31.65292,44.18717,old
ADHNUN_352E333N_S,33.39418,35.26620,old
ALLAQI_328E230N_S,23.01969,32.87404,old
RABADHA_413E246N_S,24.66756,41.30169,old
SUBKABID_310E304N_S,30.43271,31.05262,old
KHATTA_407E316N_S,31.64853,40.70599,old
QARYARUMMAN_528E293N_S,29.37477,52.80644,old
SHAMSIN_367E345N_S,34.53863,36.74279,old
RIBATSAD_677E398N_S,39.85470,67.71106,old
SAMANDAR_475E429N_S,42.90467,47.51198,old
ROUTPOINT0611_578E312N_O,31.25797,57.81614,old
BISUTUN_474E343N_S,34.37821,47.47958,old
شرف الصلا,null,null,null
RIHA_354E318N_S,31.86043,35.43774,old
ساباط,null,null,null
الحفیر,null,null,null
MALAQUN_039W391N_S,39.17390,-3.91362,old
ROUTPOINT0604_563E272N_O,27.24617,56.36540,old
JAZIRAIBNUMAR_421E372N_R,37.28521,42.19943,old
BUWAYN_506E319N_S,31.93047,50.60379,old
AKHLAT_425E387N_S,38.76551,42.51044,old
BAZDA_654E390N_S,39.03468,65.44949,old
UBULLA_478E304N_S,30.49692,47.83555,old
JARKARD_698E420N_S,42.02949,69.82576,old
KARDAR_597E428N_S,42.80533,59.79383,old
KHUTTAL_697E379N_R,37.94076,69.75285,old
MUNK_696E383N_S,38.32824,69.69102,old
BARJAH_708E426N_S,42.62635,70.80406,old
JARBADHAQAN_502E333N_S,33.38120,50.29276,old
DABIL_446E401N_S,40.16468,44.68562,old
SUDAQANIYYA_436E348N_S,34.81448,43.60292,old
YUBNA_347E318N_S,31.87092,34.73521,old
السقیا,null,null,null
ANTAKIYYA_361E361N_S,36.19718,36.18418,old
JASHSH_354E330N_S,33.03094,35.45020,old
NAHRNIL_327E252N_W,25.22987,32.74002,old
ROUTPOINT0603_517E316N_O,31.65660,51.76804,old
MARJJUHAYNA_432E361N_S,36.14235,43.26652,old
ADHRAMA_417E369N_S,36.99109,41.72002,old
SINNNUHAS_416E393N_S,39.39009,41.69403,old
KUWASHAN_622E338N_S,33.85099,62.22016,old
صور نحو,null,null,null
MANDAM_488E310N_S,31.02269,48.88100,old
BISHLANK_648E326N_S,32.68170,64.81783,old
BUNDARIYYA_309E307N_S,30.72039,30.92804,old
ROUTPOINT1214_094E358N_O,35.80814,9.42149,old
NABAND_575E323N_S,32.33053,57.58788,old
SHAHRASTAN_552E371N_S,37.19091,55.20600,old
JUBBYUSUF_355E329N_S,32.92434,35.52565,old
RIBATHASAN_622E405N_S,40.50009,62.28269,old
برقوى,null,null,null
ROUTPOINT1613_476E407N_O,40.73903,47.61548,old
MAADINTIBR_333E226N_O,22.61001,33.35835,old
البحرين,null,null,null
RAKAH_485E344N_S,34.42798,48.54618,old
MALAYAKIRD_602E354N_S,35.41670,60.29878,old
SHAMAKHIYYA_486E406N_S,40.67871,48.68505,old
FAKKAN_000E352N_S,35.21592,0.05881,old
MAHAN_573E301N_S,30.11166,57.31039,old
تيز مكران,null,null,null
SANJAHAN_503E297N_S,29.74023,50.38864,old
ROUTPOINT0204_390E361N_O,36.11144,39.00238,old
BIRHUMAYD_681E403N_S,40.38860,68.19849,old
BAYYAS_362E367N_S,36.75139,36.23856,old
منزل,null,null,null
ISTIJA_051W375N_S,37.53493,-5.10865,old
KHUJAN_584E369N_S,36.91219,58.45439,old
KUSHMAYHAN_625E377N_S,37.78994,62.59986,old
HARUNIYYA_450E339N_S,33.97686,45.01502,old
GHAZNA_684E335N_S,33.56409,68.40733,old
ROUTPOINT1405_051W375N_O,37.50854,-5.18598,old
AMZAH_642E399N_S,39.90472,64.25722,old
AFRIDHIN_517E354N_S,35.42345,51.77466,old
FUSTAT_312E300N_S,30.04325,31.24964,old
TIZ_606E253N_S,25.38207,60.63196,old
كارزين,null,null,null
JAYZAN_498E308N_S,30.88498,49.83759,old
MAGHMADASH_162E311N_S,31.19302,16.22169,old
RIBAT_068W339N_S,33.99489,-6.88943,old
SANA_442E153N_S,15.37373,44.20186,old
RIBATAMIR_547E375N_S,37.58399,54.76443,old
BIRSAID_652E392N_S,39.29210,65.29357,old
NAWUSA_426E338N_S,33.82317,42.61179,old
NASHAWA_453E393N_S,39.34739,45.37660,old
ROUTPOINT1409_047W378N_O,37.83949,-4.71391,old
KHUNAJ_472E373N_S,37.38856,47.25690,old
QASARASH_063W394N_S,39.46953,-6.39540,old
GHUZZA_010E361N_S,36.11161,1.09406,old
خارزين,null,null,null
AWRAHA_795E264N_S,26.46686,79.59619,old
QARTASA_304E310N_S,31.05659,30.44108,old
FASA_536E289N_S,28.92193,53.63181,old
SHIRWAN_487E411N_S,41.11585,48.75339,old
الرصد,null,null,null
مجانة,35.43354567545195,5.193160730597491,new
UMAQ_409E240N_S,24.01161,40.99902,old
TALLFAFAN_417E377N_S,37.72559,41.78238,old
البیضاء,null,null,null
SHADHUNA_059W364N_S,36.46640,-5.91433,old
MARW_621E376N_S,37.67193,62.10386,old
رباط جكربند,40.34529543964784,62.55354040250856,new
SUMAYSAT_385E375N_S,37.54334,38.54365,old
SUWWAR_406E354N_S,35.49287,40.65491,old
أرذخيوه,null,null,null
انرى,null,null,null
ZAMM_651E378N_S,37.86572,65.19679,old
MAZDAKHKAN_595E423N_S,42.39769,59.50470,old
FAW_316E266N_S,26.69354,31.64900,old
ینبع,null,null,null
شرف النبک,null,null,null
TUAM_557E241N_S,24.19401,55.77403,old
BAMAQARA_393E377N_S,37.75537,39.33450,old
TIJIS_068E360N_S,36.08680,6.83450,old
SHURAB_487E312N_S,31.20731,48.79726,old
ناكور,null,null,null
JABBUL_457E325N_S,32.55466,45.72633,old
BANZART_098E372N_S,37.24070,9.82170,old
ROUTPOINT1725_679E399N_O,39.93544,67.98617,old
القاع,null,null,null
BUZMAJAN_673E397N_S,39.74445,67.32394,old
JANZARUDH_569E306N_S,30.67077,56.92513,old
KHANNAB_567E298N_S,29.85672,56.71727,old
ROUTPOINT1614_482E383N_O,38.37865,48.28798,old
HAFARABUMUSA_459E284N_S,28.41584,45.92797,old
خرائب ابى حليمة,null,null,null
UFAYIYYA_407E230N_S,23.02816,40.75512,old
شاوكث,null,null,null
BAYYASA_034W379N_S,37.99980,-3.45773,old
MAGHKAN_641E398N_S,39.89235,64.10801,old
QANDABIL_674E286N_S,28.62665,67.48191,old
MANBIJ_379E365N_S,36.54651,37.98957,old
مجدل سلم,null,null,null
ROUTPOINT1722_639E399N_O,39.96155,63.96440,old
جرش/یبنبم,null,null,null
RUZKAN_519E318N_S,31.80584,51.96103,old
BAJAYA_050E367N_S,36.70199,5.04769,old
مرج قيسارية,null,null,null
ISBAHAN_516E326N_S,32.66855,51.65000,old
AMASHIYYA_439E165N_S,16.56721,43.95032,old
KHANMIM_528E293N_S,29.31712,52.88580,old
FARKIRD_610E342N_S,34.27729,61.08287,old
FAHRAJ_588E289N_S,28.97908,58.88326,old
IMMARA_431E253N_S,25.37319,43.14710,old
QATIF_499E265N_S,26.53966,49.96159,old
QARYAASAD_538E315N_S,31.55774,53.84828,old
JAJISTAN_704E405N_S,40.55623,70.43986,old
ATRABULUS_131E328N_S,32.87801,13.19209,old
FAMSILH_461E324N_S,32.46405,46.13150,old
ROUTPOINT1902_713E301N_O,30.19113,71.36192,old
TAHA_306E282N_S,28.27313,30.69125,old
SUKKARIYYA_346E315N_S,31.56416,34.65335,old
LAB_072W372N_S,37.23807,-7.21996,old
BANUWARIFAN_020E362N_S,36.21928,2.02980,old
سبداست,37.253855826048564,57.19134341466513,new
QARYAIBNBUNDAR_530E301N_S,30.13418,53.03090,old
الخزیمیة,null,null,null
BIMAND_555E296N_S,29.66254,55.59756,old
كنائس الحرير,null,null,null
ZAHRA_048W379N_S,37.96011,-4.85328,old
QANNAWJ_800E271N_S,27.11654,80.03921,old
RAKUNIN_527E326N_S,32.66383,52.72262,old
ROUTPOINT1917_617E309N_O,30.90872,61.73531,old
SABRAN_672E438N_S,43.82577,67.26184,old
BAYDA_370E267N_S,26.79044,37.01435,old
بستان بنى عامر,null,null,null
BAHRAJ_606E272N_S,27.28057,60.66186,old
KHARRARA_519E300N_S,30.04859,51.94541,old
JANADIL_329E240N_O,24.01605,32.92462,old
ROUTPOINT0101_354E308N_O,30.82286,35.44569,old
طبوس,null,null,null
اخسيكت,null,null,null
الشقور,null,null,null
SAMARQAND_670E396N_S,39.67905,67.03225,old
أجم,null,null,null
بئر السلاح,null,null,null
JUSADA_427E195N_S,19.51994,42.71961,old
السمينة,null,null,null
FUHAYMA_421E342N_S,34.23688,42.18317,old
FIRABR_636E391N_S,39.17015,63.61874,old
TURTUSHA_006E407N_S,40.79221,0.60933,old
اش وبورد,null,null,null
قصر الفيل,null,null,null
NAYRIZ_542E292N_R,29.21368,54.27518,old
QASRRIH_591E360N_S,36.03203,59.12900,old
قسطان,null,null,null
RIBATKANKI_663E310N_S,31.02943,66.37622,old
ROUTPOINT1728_689E385N_O,38.56018,68.96102,old
نيماراه,null,null,null
MAHALLAMAHRUM_309E307N_S,30.79572,30.92349,old
SURA_662E284N_S,28.48590,66.29529,old
YAFA_347E320N_S,32.06237,34.75362,old
QUMM_509E346N_S,34.63354,50.90695,old
ROUTPOINT1205_011E359N_O,35.99891,1.11796,old
SUS_482E322N_R,32.20166,48.26047,old
ATRABULUS_358E344N_S,34.44044,35.85194,old
SHABURQAN_657E366N_S,36.65136,65.78352,old
DIRIZDAH_670E393N_S,39.31836,67.06451,old
BAJARWAN_389E361N_S,36.13571,38.98556,old
MAQQARA_050E355N_S,35.54259,5.02970,old
بلد ابن الملاين,null,null,null
KALAR_510E364N_S,36.49897,51.07686,old
ISKANDARIYYA_299E311N_S,31.19490,29.90981,old
LURBUS_088E361N_S,36.10562,8.83937,old
KHUDIMANKAN_655E401N_S,40.12063,65.58856,old
WARIKA_076W314N_S,31.44535,-7.63570,old
RIBATWAZZ_517E330N_S,33.08075,51.77613,old
ADHRUH_357E303N_S,30.33962,35.75502,old
AMLIL_029W352N_S,35.29761,-2.96861,old
خرسان,null,null,null
بندق,null,null,null
HASHIYYA_398E314N_S,31.43199,39.82192,old
TAZAR_464E341N_S,34.16749,46.44040,old
JINANJAKATH_691E409N_S,40.99560,69.11286,old
BANYA_696E253N_S,25.32721,69.67968,old
BAYKAND_640E395N_S,39.55752,64.07172,old
FAMNAHRSAID_401E353N_S,35.32381,40.13133,old
KHUSRAWJIRD_574E361N_S,36.18956,57.47851,old
QANAWNA_411E191N_S,19.12337,41.15761,old
KHAWST_588E327N_S,32.77833,58.87551,old
KHUNAJAN_502E331N_S,33.18407,50.28728,old
ROUTPOINT1207_023W350N_O,35.08397,-2.38493,old
ROUTPOINT0509_486E344N_O,34.48350,48.61600,old
WAZARMAND_597E418N_S,41.86361,59.74298,old
TAYMA_385E275N_S,27.58081,38.52000,old
ROUTPOINT1718_608E348N_O,34.83238,60.86446,old
DASKARDAN_566E342N_S,34.25952,56.60995,old
QASTAL_375E350N_S,35.06025,37.57892,old
MARAQIYYA_359E350N_S,35.04801,35.91774,old
FUSTUJAN_540E288N_S,28.88371,54.07735,old
ABASKUN_540E370N_S,37.02772,54.04327,old
FARGHAR_694E374N_S,37.48738,69.44705,old
KUTHBA_429E184N_R,18.48351,42.98036,old
TARQ_518E333N_S,33.32165,51.81177,old
ذات العشر,null,null,null
ZARRA_492E350N_S,35.06556,49.23165,old
RAMADA_276E310N_S,31.02336,27.61485,old
سفنجاوى,null,null,null
JABILTA_437E346N_S,34.62614,43.72814,old
مرزك,null,null,null
JUDAD_410E217N_S,21.73300,41.07197,old
MADINAALAWIYYIN_016W347N_S,34.73932,-1.65814,old
JUR_525E288N_S,28.84797,52.58324,old
SHIMSHAT_398E386N_S,38.61412,39.83119,old
بريدين,null,null,null
UKBARA_442E338N_S,33.85526,44.22504,old
NUJAKATH_695E414N_S,41.40191,69.50903,old
AYNRUMIYYA_389E363N_S,36.34984,38.91206,old
BADI_394E156N_S,15.63308,39.48117,old
THAMANIN_426E373N_S,37.31295,42.64158,old
المنزل,null,null,null
QARYAKHUWARIZMIYYIN_655E376N_S,37.69255,65.56778,old
ROUTPOINT1726_696E402N_O,40.26668,69.66363,old
RAFIQA_390E359N_S,35.94235,39.07703,old
MIKISIN_407E357N_S,35.74173,40.75934,old
KABUZANJAKATH_671E397N_S,39.70827,67.17070,old
SAFR_416E208N_S,20.85351,41.68929,old
BAYTLAHM_351E317N_S,31.70926,35.18792,old
ABNASH_039W396N_S,39.63212,-3.91003,old
ARMANT_325E256N_S,25.64017,32.51795,old
قرية الرمل,null,null,null
RUDHA_497E351N_S,35.10371,49.79100,old
SAKAWAND_687E340N_S,34.08270,68.74862,old
QURAYN_395E214N_S,21.41489,39.57789,old
KIJ_630E260N_S,26.02584,63.09359,old
QAHIRA_312E300N_S,30.05778,31.24168,old
QUBA_416E227N_S,22.78726,41.65725,old
الاذقية,null,null,null
ARA_355E280N_S,28.06253,35.57504,old
UDHAYB_441E314N_S,31.49049,44.13666,old
رخشميثن,41.61800531941319,60.13626324752875,new
TAWARGHA_148E319N_S,31.98024,14.86251,old
قصر عمرو,34.29330294849967,47.144053758220366,new
AJFUR_429E274N_S,27.44255,42.97781,old
ASBIDHDASHT_511E321N_S,32.13467,51.18532,old
ROUTPOINT0209_396E380N_O,38.00670,39.63395,old
ROUTPOINT1201_051W336N_O,33.62795,-5.18383,old
AWNID_359E270N_S,27.00533,35.99173,old
RUSTAQ_551E284N_S,28.47950,55.10037,old
ANDAKHUDH_651E369N_S,36.95541,65.16655,old
ADRASKAR_622E335N_S,33.59424,62.24983,old
برمست,null,null,null
JUWISULAYMAN_581E281N_S,28.12851,58.18338,old
BARWAN_485E375N_S,37.57057,48.55981,old
SHUBAYKA_415E224N_S,22.44819,41.51032,old
سقيا بنى غفار,null,null,null
URSH_428E169N_S,16.96745,42.82787,old
NABADGHIN_620E407N_S,40.79993,62.06959,old
بنكث الشاش,null,null,null
دوسنية,null,null,null
SARIYA_531E365N_S,36.53215,53.11807,old
HALIMAN_222E327N_S,32.77902,22.20300,old
ROUTPOINT1714_692E400N_O,40.07418,69.22893,old
سقیا یزید,null,null,null
ROUTPOINT1410_047W378N_O,37.85724,-4.78494,old
فید,27.04575092300858,42.60670374596117,new
JUWIQAN_598E429N_S,42.94872,59.88682,old
BAGHIRQAN_612E414N_S,41.43986,61.27533,old
QAYS_307E285N_S,28.52624,30.78687,old
QARYABIDH_531E306N_S,30.63942,53.18449,old
BATHRUN_356E342N_S,34.25903,35.67059,old
QALQATUS_466E402N_S,40.20714,46.64590,old
NAMIYA_543E367N_S,36.77488,54.32519,old
DAYRJISS_516E350N_S,35.08576,51.61984,old
حنس,null,null,null
JAYIMAND_598E350N_S,35.04974,59.84669,old
BARZA_462E365N_S,36.50570,46.21410,old
KARKH_443E333N_S,33.31703,44.35293,old
مالن كواخرز,null,null,null
KHAWASH_627E314N_S,31.49499,62.76028,old
ZARMAN_666E397N_S,39.77390,66.63169,old
KARAJ_495E338N_S,33.88116,49.54697,old
DABUSIYA_660E399N_S,39.93282,66.01740,old
SALAMAS_448E382N_S,38.22277,44.82832,old
باحمشا,null,null,null
وادي فره,null,null,null
QALAIBNKANDAMAN_451E415N_S,41.56808,45.16780,old
أوفه,null,null,null
ROUTPOINT1601_463E357N_O,35.79772,46.37005,old
BARQA_208E323N_R,32.37576,20.84475,old
مطارة,null,null,null
كه,null,null,null
ROUTPOINT0121_362E333N_O,33.33301,36.21852,old
MADAN_091W386N_S,38.64984,-9.19189,old
BASIYAN_487E306N_S,30.65916,48.77033,old
TINAT_361E368N_S,36.86458,36.16107,old
بغيشن,null,null,null
BASRA_058W348N_S,34.82887,-5.88806,old
سواد مقولة,null,null,null
BASINNA_483E319N_S,31.99567,48.30405,old
RIBATMAYANAH_627E345N_S,34.53751,62.76550,old
QUBA_721E405N_S,40.55660,72.18143,old
ZABID_433E142N_S,14.20796,43.32654,old
DHATHUMAM_293E308N_S,30.86496,29.30208,old
RIBATABUSAHL_574E401N_S,40.18649,57.45149,old
سيوه,null,null,null
ROUTPOINT1719_679E358N_O,35.83560,67.90946,old
SUGHAR_354E310N_S,31.03706,35.46845,old
HAYYABDALLAH_244E318N_S,31.87271,24.49433,old
KUBAN_328E231N_S,23.12192,32.88630,old
TAWLAQA_053E346N_S,34.69495,5.38113,old
QARYAMILH_526E352N_S,35.26209,52.63600,old
املوتا,null,null,null
جاشان,null,null,null
KADRUWA_546E291N_S,29.16368,54.67346,old
NAYSABUR_587E361N_S,36.12138,58.79841,old
MAKHADABALAT_060W398N_S,39.80641,-6.06629,old
AHSA_495E253N_S,25.34929,49.54137,old
BAYAN_480E304N_S,30.46468,48.03005,old
ISHBILIYYA_059W374N_S,37.40790,-5.96199,old
تل وان,null,null,null
ROUTPOINT1605_458E382N_O,38.29658,45.88063,old
ROUTPOINT0710_439E260N_O,26.07604,43.91699,old
QASRSHAMMAS_263E313N_S,31.32418,26.37011,old
باراب سار,null,null,null
MAZINAN_569E362N_S,36.27876,56.95205,old
KALWADHAR_531E298N_S,29.88067,53.16886,old
طاق سعيد,34.49473348217863,48.7428298893771,new
ZANBUQ_619E309N_S,30.99252,61.91899,old
طريثيث,null,null,null
KHASHM_491E374N_S,37.48626,49.18674,old
ROUTPOINT1915_655E314N_O,31.48828,65.57805,old
حصن صاعس,null,null,null
DHATIRQ_404E216N_S,21.62677,40.42853,old
BARISK_582E314N_S,31.41567,58.27354,old
TAKRIT_436E345N_S,34.59215,43.69617,old
MADAIN_445E330N_S,33.09075,44.59672,old
TINNIS_322E312N_S,31.21262,32.22755,old
UBAYR_367E307N_S,30.73317,36.70106,old
قارا,null,null,null
لاه وكره,null,null,null
SABAT_687E399N_S,39.99901,68.76220,old
زامين,null,null,null
ROUTPOINT1402_057W367N_O,36.78537,-5.79474,old
FIRUZQAND_646E315N_S,31.54280,64.64236,old
BUZANJIRD_489E349N_S,34.95777,48.98488,old
KHASHT_513E295N_S,29.54859,51.30575,old
THAJR_378E288N_S,28.87521,37.89149,old
العسكر,31.689028676812473,48.77322100451575,new
BASRA_477E304N_S,30.40147,47.71735,old
QARYAMAJUS_511E344N_S,34.44607,51.11259,old
RIBATTASH_638E399N_S,39.99849,63.82036,old
LIBIRA_036W372N_S,37.22734,-3.66814,old
قرية الحمام,null,null,null
HADUTHA_483E285N_S,28.54666,48.37368,old
HARURI_623E312N_S,31.28570,62.39332,old
WADIYASH_031W373N_S,37.33966,-3.16459,old
SABRA_124E327N_S,32.78822,12.48146,old
KHANFAS_407E314N_S,31.48039,40.76716,old
KHAKISAR_596E360N_S,36.08000,59.66585,old
فنزبور,null,null,null
خرندة,null,null,null
نهر العباس,null,null,null
ZUBAYDIYYA_469E344N_S,34.43457,46.93427,old
ROUTPOINT1709_695E375N_O,37.56589,69.58921,old
SUMAYRAM_518E313N_S,31.35567,51.81266,old
BARNIQ_200E321N_S,32.11419,20.08482,old
ROUTPOINT1218_052E365N_O,36.58463,5.26284,old
KADAR_683E426N_S,42.66945,68.31763,old
JIKAM_647E395N_S,39.58498,64.73843,old
ROUTPOINT0402_497E312N_O,31.28389,49.70340,old
TARQALA_088W305N_S,30.50052,-8.84130,old
HIRA_443E320N_S,32.01734,44.37232,old
KHAWRKAF_087E361N_S,36.18255,8.71976,old
KURAN_528E277N_S,27.76342,52.86193,old
العونید,null,null,null
الماريين,null,null,null
KULAN_729E428N_S,42.87068,72.94179,old
KAFARTUTHA_404E369N_S,36.98749,40.42704,old
ASRAB_637E358N_S,35.81599,63.76323,old
ترمذ,null,null,null
WADIRAML_135E327N_S,32.73756,13.57504,old
QARMASIN_470E343N_S,34.32388,47.09845,old
KAZANNAYA_039W346N_S,34.66535,-3.92129,old
THUJJA_441E139N_R,13.97911,44.17683,old
BARQA_208E323N_S,32.37576,20.84475,old
TARAJILA_059W394N_S,39.48654,-5.93861,old
KHABIS_577E304N_S,30.46232,57.75292,old
DAWQA_409E195N_S,19.56050,40.96521,old
HU_322E260N_S,26.02153,32.29854,old
KHUWAR_524E352N_S,35.26209,52.40859,old
جويم ابى احمد,28.162250134142994,53.95868652273973,new
AJWALI_374E298N_S,29.87858,37.43170,old
ROUTPOINT1413_065W397N_O,39.74353,-6.56085,old
ROUTPOINT1219_060E360N_O,36.06846,6.09115,old
كولسره,null,null,null
ZAMAKHSHAR_597E422N_S,42.21861,59.71005,old
LAHJ_448E130N_S,13.06747,44.86953,old
RAFH_342E313N_S,31.30870,34.25897,old
SAIDA_379E321N_S,32.13274,37.98572,old
مزداخقان,null,null,null
قرنة,null,null,null
QURA_495E269N_S,26.90449,49.50023,old
KANDARAM_646E353N_S,35.33988,64.60334,old
جسر حر,null,null,null
KHUWI_449E385N_S,38.58650,44.99055,old
JUDDA_391E214N_S,21.46201,39.17790,old
AZILA_059W355N_S,35.58306,-5.97486,old
مهدي آباذ,37.14680571315405,62.382690289772945,new
MAHDIABADH_624E371N_S,37.12201,62.41583,old
فهل فهرة,null,null,null
جاجستان,null,null,null
MISSISA_356E369N_S,36.94067,35.66897,old
TARNUT_308E304N_S,30.40094,30.81078,old
USFAN_394E218N_S,21.88079,39.46144,old
KUBAL_762E432N_S,43.21825,76.21861,old
KULSARA_470E373N_S,37.37990,47.01236,old
LAWAKAND_690E379N_S,37.95639,69.04582,old
SIJILMASA_042W312N_S,31.27819,-4.23723,old
مروغان,null,null,null
دشت داودي,null,null,null
KARYUN_301E311N_S,31.14286,30.13142,old
شاباوك,null,null,null
ALHAN_440E148N_R,14.80399,44.07982,old
خره روذ,null,null,null
ROUTPOINT1904_698E300N_O,30.08179,69.80863,old
KHARAIBABUHALIMA_255E314N_S,31.41576,25.51014,old
BUKHARA_644E398N_S,39.85224,64.46489,old
SAYMARA_474E331N_S,33.14964,47.40829,old
BAYSH_425E173N_S,17.37689,42.53617,old
DASHTALI_611E255N_S,25.58676,61.15124,old
MURJAN_556E363N_S,36.39341,55.67094,old
ASAK_496E307N_S,30.73130,49.69307,old
JALQ_626E276N_S,27.64173,62.64811,old
كنيسة المجوس,null,null,null
TIZIN_367E362N_S,36.23776,36.70483,old
MALIN_602E349N_S,34.93776,60.26487,old
WALILA_056W340N_S,34.09883,-5.60437,old
BAZIR_498E316N_S,31.64090,49.89265,old
MAGHUN_577E279N_S,27.97676,57.78820,old
KHASU_544E285N_S,28.51610,54.40794,old
BARKARI_437E389N_S,38.98412,43.75682,old
سالوس,null,null,null
ROUTPOINT1411_030W367N_O,36.78321,-3.02432,old
ROUTPOINT0906_392E321N_O,32.14625,39.20032,old
البنك,null,null,null
DARZANKA_676E378N_S,37.84131,67.63175,old
ROUTPOINT0504_511E352N_O,35.28295,51.10802,old
ZARANJ_616E307N_S,30.75940,61.61613,old
نهر سليمان,null,null,null
RIBATAFRAWA_562E389N_S,38.92182,56.26856,old
JUBBMAYDAN_233E321N_S,32.18179,23.31692,old
ROUTPOINT1206_000W357N_O,35.75813,-0.02807,old
القرية الحمراء,null,null,null
خاره,null,null,null
NUZKATH_604E419N_S,41.99476,60.42876,old
YAHUDIYYA_648E359N_S,35.93470,64.83857,old
المدائن,null,null,null
KHAWAS_688E402N_S,40.22314,68.82906,old
JUNAYNA_371E279N_S,27.92136,37.19786,old
RADHAKAN_589E368N_S,36.81951,58.96653,old
جابروان,null,null,null
SABUR_515E298N_R,29.83157,51.51624,old
دخويذ,null,null,null
الغريفة,null,null,null
BALIS_380E360N_S,36.02806,38.09005,old
AWAMIL_400E349N_S,34.93204,40.09518,old
خرمة,null,null,null
یحصب,14.377443338614265,44.21587415050496,new
TAWZIR_081E339N_S,33.93695,8.15027,old
JUHFA_391E226N_S,22.60833,39.12422,old
BALKH_668E367N_S,36.78497,66.88305,old
JAZAN_425E168N_S,16.89564,42.55043,old
JAHZANDAYA_541E288N_S,28.85635,54.18928,old
SIDRA_662E368N_S,36.83770,66.21231,old
MUKHRI_387E290N_S,29.01767,38.70747,old
UNAS_559E302N_S,30.24893,55.98281,old
BANTIYUS_056E346N_S,34.67928,5.60554,old
ROUTPOINT0802_442E148N_O,14.88867,44.26913,old
إصطخران,31.04025861960172,52.2370813941984,new
RAMAN_486E342N_S,34.25819,48.65585,old
الغاضرة,null,null,null
الكلاية,null,null,null
NAFTA_079E338N_S,33.87018,7.90257,old
MISLAH_407E224N_S,22.44276,40.79626,old
QURAKIR_377E313N_S,31.32585,37.75187,old
جامان,null,null,null
ROUTPOINT1607_450E375N_O,37.55636,45.04559,old
العينية,null,null,null
ROUTPOINT1717_624E402N_O,40.23741,62.43972,old
KUHANRUDH_490E377N_S,37.79153,49.00372,old
KUGHUN_570E296N_S,29.61836,57.06721,old
JAZIRABANUZAGHANNAYA_030E367N_S,36.70793,3.09046,old
NARMASIR_586E289N_S,28.98436,58.64795,old
منزل ابن بندقة,null,null,null
KAYF_624E352N_S,35.20428,62.42996,old
SUTURKATH_688E408N_S,40.88768,68.87652,old
JURASIYYAT_308E303N_S,30.34164,30.89161,old
QASRQAND_607E262N_S,26.29231,60.71473,old
الخالديات,null,null,null
قلرى,null,null,null
ROUTPOINT0303_481E304N_O,30.44293,48.14520,old
ROUTPOINT1905_677E245N_O,24.53335,67.71342,old
كرج ابى دلف,null,null,null
MUSH_414E387N_S,38.75648,41.48709,old
AMUL_635E390N_S,39.06795,63.51255,old
TAWWAZ_510E294N_S,29.44172,51.03513,old
BANJAHIR_698E355N_S,35.51814,69.81804,old
SUWAKIN_373E191N_S,19.11304,37.33032,old
سرشك,null,null,null
MADINASALIM_024W411N_S,41.13714,-2.41736,old
ISTAKHR_529E299N_S,29.97008,52.92548,old
JAHRAM_535E285N_S,28.51826,53.51012,old
BUZJAN_606E351N_S,35.17917,60.61524,old
KANISA_349E327N_S,32.74750,34.95381,old
HABRA_350E315N_S,31.53018,35.08912,old
ASTARABYAN_628E342N_S,34.24840,62.80223,old
DASTAJIRDA_666E368N_S,36.83340,66.64110,old
WARDHANA_643E401N_S,40.15432,64.30515,old
SARAFANDA_352E334N_S,33.45495,35.28606,old
BULYANA_319E262N_S,26.21922,31.99590,old
JUNDAYSABUR_485E322N_S,32.29866,48.53919,old
ROUTPOINT0201_421E342N_O,34.26758,42.13480,old
ASFUZAR_621E332N_R,33.24402,62.12974,old
الرمانة,null,null,null
TALLABDA_387E366N_S,36.69218,38.72906,old
SHARAFDHUNAML_351E289N_S,28.94260,35.19783,old
RISHAHR_502E303N_S,30.34108,50.22217,old
ASKARMUKRAM_488E316N_S,31.66531,48.89820,old
قزدار,null,null,null
RUWAYTHA_392E240N_S,24.01966,39.23589,old
BARKUSH_695E415N_S,41.51080,69.53615,old
AQABA_436E300N_S,30.09074,43.61471,old
BAYLAQAN_474E398N_S,39.86701,47.46081,old
SARIGH_752E428N_S,42.80107,75.26356,old
MUZANIYYA_385E372N_S,37.28854,38.52691,old
MAHUZYUBNA_346E318N_S,31.87811,34.66888,old
JUL_747E428N_S,42.84796,74.79378,old
GHARDAMAN_603E418N_S,41.88381,60.37258,old
RIBATMASH_614E413N_S,41.35412,61.49617,old
SARANDIB_808E076N_R,7.60759,80.81976,old
KURM_536E290N_S,29.07233,53.60800,old
QANTARA_323E308N_S,30.85902,32.32461,old
ميغون,null,null,null
ROUTPOINT1217_101E357N_O,35.77312,10.15332,old
AZDUD_346E317N_S,31.79837,34.66817,old
SHIHMAR_528E361N_S,36.16111,52.86652,old
KURI_571E333N_S,33.37701,57.18746,old
MARSADAJJAJ_035E367N_S,36.73169,3.58797,old
NASIBIN_412E370N_S,37.05514,41.22167,old
SHALUS_514E366N_S,36.60408,51.45535,old
BARJAMT_116E330N_S,33.05675,11.63847,old
منخوس,null,null,null
ANA_419E344N_S,34.43481,41.95904,old
TURTHITH_584E351N_S,35.13557,58.41130,old
كسكانة,null,null,null
AYLA_349E295N_S,29.57226,34.94527,old
NINAWA_431E363N_S,36.35104,43.17500,old
QASTALLA_038W379N_S,37.98847,-3.87676,old
WAYHIND_722E339N_S,33.90757,72.24681,old
SIB_448E329N_S,32.97916,44.84610,old
ROUTPOINT0605_565E298N_O,29.88928,56.59167,old
ROUTPOINT1913_678E295N_O,29.54677,67.80363,old
أنقرة,null,null,null
NUSHKATH_742E427N_S,42.77832,74.26008,old
MISIR_309E310N_S,31.05159,30.97785,old
MAMATIR_527E365N_S,36.51713,52.74659,old
QALIQALA_412E399N_S,39.91956,41.27233,old
ROUTPOINT1202_005W327N_O,32.74875,-0.59001,old
BAJARWAN_481E392N_R,39.22560,48.12475,old
ANDAJARAGH_691E372N_S,37.26841,69.17687,old
HASHIMJIRD_670E376N_S,37.69255,67.07594,old
FALUSAN_017W350N_S,35.03281,-1.75553,old
ASYUT_311E271N_S,27.17922,31.18485,old
BATHA_006E357N_S,35.78297,0.60289,old
NAMAHAND_519E357N_S,35.72749,51.92730,old
AWTAS_406E217N_S,21.73300,40.68003,old
RASKALB_530E353N_S,35.37647,53.07601,old
JALMANIYA_072W387N_S,38.77894,-7.22985,old
بدا,null,null,null
ZUZAN_598E343N_S,34.31050,59.86207,old
TAWAWIS_647E400N_S,40.01136,64.78279,old
BALKH_668E367N_R,36.78497,66.88305,old
BURUJIRD_488E339N_S,33.90164,48.80940,old
QA_436E297N_S,29.78571,43.61126,old
QARYATAYN_164E311N_O,31.18315,16.44486,old
SANKARDAH_675E385N_S,38.50044,67.57933,old
DINAWAR_474E346N_S,34.60195,47.49055,old
أوزكند,null,null,null
BAYTMAQDIS_352E317N_S,31.77768,35.20345,old
ASADABADH_564E363N_S,36.32897,56.45362,old
KILABA_360E275N_S,27.50168,36.07695,old
DHATSAHIL_310E302N_S,30.22134,31.01228,old
HIJRSALIH_379E268N_S,26.86125,37.93999,old
RASDUNYA_537E300N_S,30.00577,53.78841,old
SHAWKARD_670E370N_S,37.02037,67.09946,old
HISNMASLAMA_390E363N_S,36.38728,39.07106,old
ROUTPOINT0301_457E325N_O,32.54476,45.74661,old
RIBATBARAKAN_512E320N_S,32.01123,51.21056,old
BAJJANA_024W369N_S,36.95657,-2.41826,old
بستك,null,null,null
SAGHAND_552E325N_S,32.52933,55.21675,old
DARISTAN_587E292N_S,29.22421,58.76561,old
JAM_414E316N_S,31.67372,41.46573,old
الماحوز,null,null,null
DAYRBAZAMA_447E336N_S,33.60709,44.70196,old
ASADABADH_626E362N_S,36.29294,62.67861,old
FAWWARA_105E335N_S,33.55129,10.50881,old
KATANA_102E336N_S,33.69175,10.27879,old
ROUTPOINT0510_491E340N_O,34.04348,49.17180,old
مضيق النهر,41.08037065473435,61.78315900548632,new
NABK_367E340N_S,34.02567,36.73220,old
QARA_438E308N_S,30.87576,43.81303,old
QARQISIYYA_404E351N_S,35.14620,40.43747,old
KHIWAH_603E413N_S,41.38465,60.33577,old
BAGHDAD_443E333N_S,33.35932,44.35693,old
DARZINAK_567E343N_S,34.30394,56.73090,old
QUMISA_518E320N_S,32.00251,51.86732,old
QAYSARIYYA_348E324N_S,32.49326,34.89906,old
ROUTPOINT0122_359E348N_O,34.87034,35.90939,old
SURT_166E310N_S,31.09917,16.60839,old
بريدا,null,null,null
BAGHAY_071E355N_S,35.50598,7.12454,old
SHIRAZ_525E296N_S,29.61884,52.52867,old
ابارست,null,null,null
MANUF_309E304N_S,30.45505,30.91950,old
قصر يزيد,null,null,null
KARKH_438E342N_S,34.29663,43.87468,old
النهر,30.33179053032624,50.33173357275906,new
ROUTPOINT0208_407E371N_O,37.14172,40.70137,old
رامهرمز,31.34333804015454,49.89373889742418,new
على اليمين,null,null,null
NIQAWUS_057E355N_S,35.58177,5.70399,old
جسر شاغر,null,null,null
ROUTPOINT1716_694E411N_O,41.18377,69.42422,old
HURMUZ_569E270N_S,27.09940,56.94955,old
بلد ابن السوانيطى,null,null,null
SAGHB_364E271N_S,27.19891,36.47366,old
تلخاب,39.26746772933977,47.7484706715709,new
دارزنجى,null,null,null
AZRAQ_368E318N_S,31.84612,36.87768,old
BAHAR_563E298N_S,29.88550,56.35225,old
KUHAK_653E314N_S,31.46253,65.33622,old
MUGHITHA_440E311N_S,31.10097,44.00938,old
AYLAN_076W314N_S,31.49952,-7.69710,old
نمخكن,null,null,null
RUSTAKUHAN_664E265N_S,26.57497,66.40105,old
WAHRAN_006W357N_S,35.70565,-0.61866,old
QASTILIYA_082E338N_R,33.88951,8.27517,old
JAYYAN_038W377N_S,37.78977,-3.80302,old
درسان,null,null,null
امده,null,null,null
ZIBATRA_379E380N_S,38.09311,37.90461,old
جوبين وملين,null,null,null
دار ملول,35.379023415766746,5.274867792058254,new
مهربان,30.13229915253788,50.25086963374272,new
MATTIJA_028E365N_S,36.59413,2.84276,old
ROUTPOINT0909_370E280N_O,28.06301,37.09882,old
الزاب,null,null,null
MANUQAN_575E274N_S,27.45601,57.56194,old
QATR_466E317N_O,31.71519,46.62959,old
AWBA_631E344N_S,34.40940,63.16814,old
HAWZAN_629E359N_S,35.96191,62.96749,old
NATIL_519E364N_S,36.47768,51.91951,old
بردر,null,null,null
ROUTPOINT0709_428E238N_O,23.80557,42.87282,old
ANTARTUS_359E348N_S,34.89985,35.90356,old
ARISH_045W323N_S,32.30201,-4.52149,old
TIRAM_498E313N_S,31.39156,49.82612,old
الفعونية,null,null,null
NUBANDAJAN_515E301N_S,30.12743,51.55235,old
HAFDAR_561E363N_S,36.36629,56.13276,old
HAZARASB_610E412N_S,41.28610,61.09517,old
UZJAND_733E408N_S,40.81074,73.39026,old
WARTHAN_476E395N_S,39.56659,47.64257,old
جزيرة بنى زغناى,null,null,null
FARIYAB_649E364N_S,36.46025,64.93938,old
SHABARAN_487E412N_S,41.27070,48.76916,old
LISHBUNA_091W387N_S,38.76878,-9.14514,old
JIRANJ_622E374N_S,37.49732,62.22511,old
QASRSHIRIN_456E344N_S,34.49996,45.62659,old
USH_728E405N_S,40.53599,72.85752,old
DARIN_501E262N_S,26.28437,50.19373,old
ANJIRA_544E321N_S,32.14014,54.41329,old
ANDARAB_693E356N_S,35.68835,69.36909,old
HURMUZFARRAH_616E376N_W,37.60594,61.61458,old
GHURRABA_373E313N_S,31.36925,37.34142,old
السكير,null,null,null
FARUTH_465E318N_S,31.83729,46.58171,old
KISHSH_623E301N_S,30.15265,62.37889,old
كيس,null,null,null
THUJJA_431E181N_S,18.17110,43.19302,old
معدن بنى سليم,null,null,null
TUBNA_053E353N_S,35.32395,5.35573,old
ZAYTUN_503E305N_S,30.51616,50.39397,old
البحيرة,null,null,null
ویلة,null,null,null
DIZA_516E353N_O,35.30310,51.65000,old
BAHMANABADH_568E363N_S,36.32897,56.83212,old
AQABAFIQ_356E327N_S,32.77421,35.67655,old
WASIT_463E321N_S,32.19497,46.32308,old
ZIRADABADH_553E366N_S,36.65798,55.30802,old
KHANRUSH_517E322N_S,32.23981,51.79877,old
LASHTAR_482E338N_S,33.86750,48.25553,old
BAQIA_433E356N_S,35.62554,43.32428,old
ABADHA_537E297N_S,29.78210,53.73617,old
سنبل,null,null,null
WADIHIJARA_031W406N_S,40.64910,-3.15111,old
MAZDURAN_605E361N_S,36.17215,60.54672,old
المسدودة,null,null,null
ZAMIN_684E399N_S,39.95781,68.43288,old
اشبورقان,null,null,null
الجامدة,null,null,null
BARSIQ_302E310N_S,31.08146,30.29934,old
NAHRMALIK_443E330N_S,33.05406,44.36455,old
نهر الشاش,40.979229634684735,68.79895973941208,new
DARAKAN_542E288N_S,28.83127,54.27779,old
QARYASALM_592E312N_S,31.25781,59.28094,old
KASBA_655E389N_S,38.93150,65.54090,old
DARIYAN_529E295N_S,29.54062,52.92548,old
MALAL_394E242N_S,24.29047,39.45628,old
شروراح,null,null,null
هرمز,null,null,null
حبس,null,null,null
ROUTPOINT0102_353E313N_O,31.33329,35.35270,old
SAMAD_579E227N_S,22.71138,57.96619,old
FASH_405E349N_S,34.92311,40.56368,old
JARKAN_517E300N_S,30.09815,51.78402,old
MUHDATHA_374E277N_S,27.73026,37.46327,old
SAYLAHIN_440E334N_S,33.41382,44.06385,old
قنوان,null,null,null
KARAK_356E311N_S,31.17824,35.69038,old
KHULAYS_394E221N_S,22.10557,39.41808,old
BUMINA_297E309N_S,30.93264,29.71572,old
TUN_581E339N_S,33.92591,58.11679,old
HADITHA_433E360N_S,36.02054,43.39249,old
AZKAS_521E315N_S,31.51558,52.17709,old
LUDD_348E319N_S,31.95598,34.88482,old
ملحة,null,null,null
كلبايكان,null,null,null
ANAFA_357E343N_S,34.35634,35.73678,old
المونسة,37.02383147403883,41.47051424000037,new
RIBATKARZWAN_638E356N_S,35.61955,63.81969,old
SARDUS_311E301N_S,30.16277,31.18645,old
ISBIJAB_697E422N_S,42.23062,69.75409,old
ASTARABADH_544E367N_S,36.78860,54.47005,old
ROUTPOINT1301_153E312N_O,31.26948,15.30735,old
KARAJ_495E338N_R,33.88116,49.54697,old
ماءين,null,null,null
ROUTPOINT0705_559E253N_O,25.37617,55.98750,old
ROUTPOINT1802_466E437N_O,43.73871,46.64954,old
ROUTPOINT1212_084E367N_O,36.78991,8.49250,old
SUKAYRABBAS_405E352N_S,35.24207,40.58767,old
SARUZAN_621E311N_S,31.14385,62.17057,old
MABARBADHAKHSHAN_699E375N_O,37.59170,69.90205,old
DIHUSHTURAN_557E303N_S,30.31412,55.70689,old
TAQ_621E306N_S,30.68777,62.12651,old
HALAB_371E361N_S,36.19828,37.17518,old
ROUTPOINT0503_491E354N_O,35.49041,49.11483,old
قرية خاست,null,null,null
JANNABA_505E296N_S,29.60089,50.53898,old
ROUTPOINT0302_474E309N_O,30.90107,47.45392,old
KUSUWI_611E346N_S,34.61574,61.17470,old
RUDHAN_560E303N_S,30.39947,56.02186,old
KATH_537E293N_S,29.36324,53.70323,old
JUBBA_401E318N_S,31.84948,40.18305,old
MAHLABIYYA_427E362N_S,36.25676,42.76550,old
FAS_050W340N_S,34.06727,-5.02852,old
KANAISHADID_279E309N_S,30.91449,27.94768,old
ARDAKAN_570E279N_S,27.93413,57.01290,old
NAYRIZ_542E292N_S,29.21368,54.27518,old
JURJIR_321E309N_S,30.91373,32.19454,old
أزر سابور,null,null,null
GHARNATA_035W372N_S,37.20621,-3.59980,old
KHUWAKAND_710E405N_S,40.55623,71.05784,old
ROUTPOINT1706_684E361N_O,36.12385,68.42587,old
سرمسه,null,null,null
SUS_482E322N_S,32.20166,48.26047,old
AWNID_369E316N_S,31.64055,36.92899,old
ROUTPOINT0106_353E318N_O,31.82820,35.37253,old
SUKH_712E399N_S,39.97506,71.21396,old
QARYABUKHARIYYIN_651E380N_S,38.07235,65.15512,old
یثرب,null,null,null
KHAYAR_539E292N_S,29.25944,53.93868,old
البذان,null,null,null
JISRSAMUR_484E418N_S,41.84983,48.48301,old
MAHALLAKABIRA_311E309N_S,30.97329,31.14662,old
كوستان,null,null,null
MAH_522E280N_S,28.05331,52.28050,old
MIYANKAL_642E393N_S,39.34189,64.26931,old
WARAGHSHAR_674E395N_S,39.52707,67.41937,old
سبخة منهوسا,null,null,null
ATTAR_423E171N_S,17.18513,42.39306,old
SUHUL_440E141N_R,14.19370,44.03504,old
TAHIRT_013E353N_S,35.36971,1.36504,old
NAHRAWAN_445E334N_S,33.43161,44.59405,old
ROUTPOINT1912_667E277N_O,27.77717,66.78500,old
جاه زندايا,null,null,null
RASTAN_367E349N_S,34.93350,36.75337,old
ROUTPOINT1615_487E406N_O,40.66162,48.72306,old
MANJABARA_682E258N_S,25.84265,68.25338,old
JARBAYA_696E353N_S,35.39907,69.62448,old
الطاحونة,null,null,null
SIMINJAN_680E362N_S,36.22585,68.09011,old
BANJAWAY_654E315N_S,31.51036,65.43237,old
BANNAJBUR_641E269N_S,26.92662,64.11916,old
BADR_447E138N_R,13.87387,44.72906,old
يحيى اباذ,null,null,null
AJGH_569E375N_S,37.51437,56.95205,old
الراس العین,null,null,null
ROUTPOINT1616_483E378N_O,37.87282,48.33669,old
ROUTPOINT1412_059W389N_O,38.94278,-5.98896,old
SHAHI_443E322N_S,32.24535,44.36844,old
SA_028W344N_S,34.41816,-2.89875,old
وردراغ,null,null,null
SUWAYDIYYA_359E360N_S,36.08960,35.99387,old
BULGHAR_492E548N_S,54.86714,49.25044,old
MADYANSHUAYB_350E284N_S,28.47663,35.07298,old
HUWARA_004E355N_S,35.55078,0.44200,old
SABURKHAST_461E369N_S,36.92367,46.10896,old
JIKARBAND_623E402N_S,40.23331,62.36792,old
KHUJANDA_696E402N_S,40.24606,69.63107,old
LABLA_066W373N_S,37.38969,-6.66965,old
RIBATKHURAN_564E337N_S,33.73469,56.45466,old
TAHUNA_283E308N_S,30.84844,28.30167,old
DUR_438E344N_S,34.46814,43.80541,old
FARAH_620E323N_S,32.35928,62.06561,old
MASDAQAN_498E350N_S,35.06107,49.85406,old
TABUK_365E283N_S,28.37114,36.50620,old
WARRADA_335E310N_S,31.06734,33.54242,old
MALATHAYA_429E368N_S,36.81597,42.96350,old
ZAYTUNA_101E343N_S,34.35352,10.10538,old
ARSUF_348E321N_S,32.19588,34.80739,old
ولا شتان,null,null,null
عضوة,null,null,null
AYDHAB_362E224N_S,22.48899,36.24428,old
QUTQUTANA_438E319N_S,31.93660,43.82290,old
له,null,null,null
SUSA_106E358N_S,35.81044,10.61560,old
كنجر,null,null,null
TAMLIYAT_695E382N_S,38.25651,69.53106,old
ROUTPOINT0704_391E229N_O,22.99819,39.17322,old
RIBATQAHASTAN_635E313N_S,31.36919,63.54388,old
HASANIYYA_427E371N_S,37.11078,42.72248,old
AWA_505E346N_S,34.68541,50.54227,old
KHULLAR_521E299N_S,29.98842,52.19005,old
YANBU_381E241N_S,24.10820,38.12512,old
NAYSABUR_587E361N_R,36.12138,58.79841,old
BARQAID_420E369N_S,36.95274,42.07551,old
QAMARTI_404E348N_S,34.81073,40.45161,old
JABALLUBNAN_359E341N_O,34.15941,35.99225,old
NIH_600E315N_S,31.57770,60.05406,old
QUS_327E259N_S,25.91848,32.74342,old
MADALLIN_059W389N_S,38.93229,-5.94131,old
TAASIR_353E323N_S,32.33910,35.38269,old
HAWMAZUTT_497E310N_S,31.05807,49.71372,old
اوبران,null,null,null
SHABRUWA_312E301N_S,30.11048,31.24225,old
RIBATALI_545E372N_S,37.22611,54.51366,old
SHAQR_004W391N_S,39.16483,-0.43734,old
الكبس,null,null,null
MARIDA_063W388N_S,38.89521,-6.32886,old
نخشب,null,null,null
QARNIN_622E315N_S,31.51377,62.23227,old
JUWAYM_522E298N_S,29.87379,52.29587,old
SHIBAM_485E159N_S,15.92483,48.57208,old
GHUZZA_019W350N_S,35.06747,-1.92701,old
BUSTADARAN_568E341N_S,34.16617,56.87872,old
دهك,null,null,null
NASTARAWA_307E314N_S,31.48776,30.70804,old
QAYRAWAN_101E357N_S,35.70049,10.14137,old
KHAYLAM_709E411N_S,41.13472,70.99972,old
QABRGHIYATH_653E375N_S,37.59463,65.31239,old
بيت سرعا,null,null,null
GHAMRA_408E218N_S,21.89675,40.84007,old
ASNA_325E253N_S,25.32189,32.55162,old
نريز,null,null,null
غرفة,null,null,null
SHURUKH_633E400N_S,40.05505,63.39950,old
ROUTPOINT1909_613E262N_O,26.22872,61.37513,old
MAIN_526E301N_S,30.18595,52.63784,old
MUGHAN_039W399N_S,39.97062,-3.94240,old
سابرخاست,null,null,null
TUSHUMMUS_059W350N_W,35.07007,-5.95157,old
KAFARTAB_366E355N_S,35.50744,36.61239,old
آلوسة,34.33716973386233,42.07103441849185,new
SUWAYDA_390E250N_S,25.04884,39.03019,old
DIMASHQ_363E335N_S,33.51843,36.30199,old
JUBBHAMMAD_632E385N_S,38.58258,63.20339,old
ISKANDARUNA_361E365N_S,36.57473,36.19234,old
QASRAIN_524E308N_S,30.82066,52.44521,old
JULSHUB_724E428N_S,42.89268,72.49720,old
TALLMAHRA_391E366N_S,36.61998,39.13855,old
TAMTAJ_705E425N_S,42.56503,70.50767,old
KIRAND_523E284N_S,28.41977,52.36569,old
ROUTPOINT0505_507E348N_O,34.85236,50.71791,old
قنب,39.07206152707019,41.59089526392894,new
IDHAJ_498E318N_S,31.85548,49.87086,old
RUHA_388E371N_S,37.14970,38.82122,old
الدامغان,null,null,null
ROUTPOINT1723_711E407N_O,40.79361,71.11979,old
QASRIBNNAZI_403E374N_S,37.40829,40.32760,old
BURJ_496E333N_S,33.39951,49.64019,old
ZAGHWAN_101E364N_S,36.40097,10.13608,old
MURSIYA_011W379N_S,37.99945,-1.11443,old
DARKHASH_605E418N_S,41.87659,60.53918,old
DANDANAQAN_616E372N_S,37.27393,61.65152,old
KALLAR_519E307N_S,30.72449,51.92199,old
DAWSAR_384E359N_S,35.92575,38.49243,old
RIBATSHUR_635E350N_S,35.08069,63.52263,old
HAMMAMIBNUMAR_443E323N_S,32.39084,44.34773,old
ROUTPOINT1914_665E293N_O,29.35067,66.55652,old
ROUTPOINT0118_355E339N_O,33.90176,35.55350,old
ROUTPOINT0117_355E332N_O,33.22177,35.55753,old
TALAQAN_696E367N_S,36.76021,69.62314,old
SHARJA_428E163N_S,16.32481,42.80636,old
ROUTPOINT1407_040W374N_O,37.47858,-4.07548,old
القسطنطينية,null,null,null
ZANJAN_485E366N_S,36.66235,48.50530,old
RAHBAMALIKIBNTAWQ_404E349N_S,34.98817,40.45784,old
RIBATBARIS_633E388N_S,38.84034,63.35393,old
MARZAQAN_567E279N_S,27.96611,56.75347,old
DAMGHAN_543E361N_S,36.13093,54.37503,old
MASTANJ_668E297N_S,29.79695,66.84894,old
روار,null,null,null
تيمارستان,null,null,null
ABUQSHA_619E410N_O,41.04840,61.95529,old
KANDAK_667E383N_S,38.37384,66.78829,old
MARAGHA_462E373N_S,37.34276,46.24758,old
WAYKHAN_601E420N_S,42.05520,60.19436,old
ROUTPOINT1712_678E381N_O,38.16197,67.88513,old
ROUTPOINT1001_325E300N_O,30.03235,32.52584,old
SHAHHAJIYYA_429E362N_S,36.27006,42.96650,old
SHAWAGHAR_683E432N_S,43.25000,68.31570,old
KHASUF_428E166N_S,16.67647,42.88142,old
RABINJAN_663E398N_S,39.86785,66.37226,old
WINKARD_684E405N_S,40.57316,68.43871,old
قيسارية,32.46192459116755,34.91809404688433,new
درهفان,null,null,null
شوروخ,null,null,null
RAMA_434E257N_S,25.77608,43.42920,old
ROUTPOINT1414_066W395N_O,39.53718,-6.62559,old
خاس,null,null,null
DASHTARZAN_519E296N_S,29.60960,51.94222,old
TARSUS_349E369N_S,36.90807,34.95529,old
ROUTPOINT0116_354E331N_O,33.12041,35.43519,old
NAHIT_428E314N_S,31.49890,42.85300,old
DHIMAR_443E145N_S,14.56364,44.39720,old
MALIQA_044W367N_S,36.74791,-4.43066,old
SARAT_475E379N_S,37.91236,47.57698,old
KUWAR_526E292N_S,29.21962,52.69768,old
TABALA_424E200N_S,20.04558,42.41439,old
RIWAND_583E361N_S,36.18583,58.36115,old
MINA_399E213N_S,21.35325,39.93206,old
KURD_519E306N_S,30.69092,51.93240,old
KHARGHANKATH_696E415N_S,41.59198,69.69791,old
LITH_403E201N_S,20.18053,40.33707,old
TANIM_397E215N_S,21.53869,39.79161,old
SIWI_678E295N_S,29.53796,67.85288,old
SARWAN_648E319N_S,31.97709,64.84747,old
RIBATDIHISTAN_546E382N_S,38.26671,54.61471,old
HAFIT_558E238N_S,23.89613,55.85631,old
MIHRJANAWAZ_522E303N_S,30.39049,52.21353,old
BADAYAQUB_367E270N_S,27.03413,36.74694,old
JIJIL_057E367N_S,36.77325,5.71881,old
قنى غياث,null,null,null
KISHSH_668E390N_R,39.03102,66.84071,old
RAQQA_390E359N_S,35.94930,39.05128,old
BAHIRABADH_624E368N_S,36.88847,62.46952,old
AMMAN_359E319N_S,31.93113,35.91903,old
JURJANIYYA_592E424N_S,42.45632,59.21993,old
KHANMAZDAWAYHI_488E307N_S,30.73079,48.83628,old
TALABIRA_048W399N_S,39.97062,-4.82541,old
HISNBULKUNA_042W378N_S,37.87073,-4.22025,old
SAGHANIYAN_678E382N_R,38.26337,67.89454,old
HAJIR_417E259N_S,25.96910,41.75129,old
JURJANIYYASUGHRA_593E422N_S,42.28887,59.31292,old
DAWRAQ_489E308N_R,30.81069,48.92625,old
TUNKATH_702E410N_S,41.01789,70.22483,old
NAWKAD_662E388N_S,38.84309,66.29094,old
MAWSIL_431E363N_S,36.32809,43.12700,old
BARISIYAN_487E352N_S,35.29415,48.71891,old
SINIZ_502E299N_S,29.92283,50.27838,old
السرحتین,null,null,null
HARA_621E343N_S,34.33419,62.15235,old
SADAD_369E343N_S,34.31043,36.93340,old
ARDABIL_483E382N_S,38.23604,48.30651,old
أسبيذدشت,null,null,null
SHUQUQ_434E290N_S,29.08495,43.41491,old
المغار,null,null,null
SHAMKUR_460E409N_S,40.99521,46.06157,old
باغلى,null,null,null
كفر سلام,null,null,null
NIHYA_373E344N_S,34.45245,37.38213,old
MADHAR_473E314N_S,31.48197,47.37621,old
QAYIN_590E336N_S,33.64706,59.09428,old
FALJA_424E235N_S,23.54101,42.45066,old
نهر من,null,null,null
NUSHAJANSUFLA_717E428N_S,42.89978,71.70197,old
KHUSIKAN_524E305N_S,30.50270,52.48426,old
ROUTPOINT0609_532E298N_O,29.81491,53.26823,old
FAQUS_317E307N_S,30.71061,31.79581,old
RASHID_303E314N_S,31.41298,30.37989,old
QADAS_354E331N_S,33.12189,35.49123,old
FURDA_407E346N_S,34.67900,40.78158,old
BALANSIYYA_004W394N_S,39.43516,-0.41486,old
SADUSAN_678E264N_S,26.41721,67.85929,old
هنته,null,null,null
QASRIBNHUBAYRA_443E327N_S,32.70401,44.34902,old
ROUTPOINT1705_626E363N_O,36.30715,62.61914,old
BAYTJIBRIL_348E316N_S,31.60564,34.88059,old
MARIYYA_025W368N_S,36.86202,-2.50099,old
قرية الجمال,null,null,null
قلشانة,null,null,null
QALAJISS_516E301N_S,30.15444,51.64606,old
ROUTPOINT0703_391E228N_O,22.82697,39.11532,old
JIRUFT_578E286N_S,28.69436,57.80498,old
NAHRSABUS_459E324N_S,32.49681,45.96969,old
QASR_329E238N_S,23.86056,32.93994,old
بيلمان,null,null,null
USHTURMAGHAK_613E368N_S,36.80480,61.32517,old
قرین,null,null,null
ارسطا,null,null,null
RABB_432E334N_S,33.46273,43.26055,old
GHURAYZ_394E353N_S,35.32264,39.46613,old
JARJARAYA_453E327N_S,32.74104,45.31987,old
أرجان,null,null,null
قناة سرى,null,null,null
MUTA_356E310N_S,31.06466,35.68544,old
ريك,null,null,null
ROUTPOINT0120_362E335N_O,33.54074,36.23688,old
JIRUQAN_564E280N_S,28.02089,56.46959,old
AKKA_350E329N_S,32.92878,35.07559,old
QARTAJANNA_102E368N_S,36.87916,10.26628,old
ABHAR_492E361N_S,36.15722,49.23473,old
QALLARI_688E264N_S,26.44591,68.85922,old
كركوه,null,null,null
YALAMLAM_400E208N_S,20.84741,40.08231,old
سونقين,35.020360165821515,50.14031058146987,new
BIRHUSAYN_679E402N_S,40.23516,67.99605,old
NIRUN_683E254N_S,25.42764,68.34181,old
جرموا,null,null,null
QASABA_397E350N_S,35.05726,39.76511,old
ROUTPOINT0907_398E320N_O,32.01350,39.82533,old
SUQYAYAZID_383E261N_S,26.15916,38.35433,old
نهر الاردن,null,null,null
JANZA_463E408N_S,40.81356,46.38603,old
KARKUYA_040W388N_S,38.81784,-4.06918,old
SAFRA_389E240N_S,24.03308,38.95085,old
ROUTPOINT1608_458E375N_O,37.58893,45.87267,old
QALARABAH_037W388N_S,38.80312,-3.78324,old
جدیلة,null,null,null
ROUTPOINT0203_392E364N_O,36.42290,39.28285,old
BABNA_624E349N_S,34.94152,62.47870,old
SAYDA_353E335N_S,33.56642,35.37475,old
MALAZKIRD_425E391N_S,39.14370,42.55713,old
DANK_563E235N_S,23.53023,56.30591,old
UKINA_607E363N_S,36.34872,60.79678,old
ROUTPOINT0508_516E326N_O,32.61096,51.66347,old
كورستان,null,null,null
MADINNAQIRA_415E255N_S,25.55360,41.52796,old
عجلة,null,null,null
ASFAQA_622E262N_S,26.24757,62.20454,old
NIR_479E380N_S,38.02656,47.99130,old
HIMS_367E347N_S,34.73793,36.72425,old
TAIF_404E212N_S,21.21629,40.40566,old
RAWHA_392E241N_S,24.11893,39.29760,old
عونید,null,null,null
KIZKANAN_665E290N_S,29.02220,66.57332,old
الجب,null,null,null
BAB_711E408N_S,40.88072,71.16439,old
مليتية,null,null,null
HADDADA_548E362N_S,36.28520,54.80181,old
KHIRBAQAWM_261E313N_S,31.35376,26.11423,old
قصر الأمير,36.193340286155525,64.88892090265911,new
UQAYR_502E255N_S,25.55890,50.22312,old
BUTLAMIYYA_383E355N_S,35.52404,38.31435,old
SHURIRUDH_577E312N_S,31.27116,57.78936,old
KHARANJAWAN_745E428N_S,42.83233,74.54582,old
DAYYAY_307E310N_S,31.01916,30.70519,old
ROUTPOINT0119_362E363N_O,36.36729,36.23744,old
TALAQAN_642E357N_S,35.72328,64.24579,old
QALMAYHAN_592E371N_S,37.12708,59.28793,old
ورامين,null,null,null
كفرسلام,null,null,null
JARUD_367E338N_S,33.81588,36.74014,old
ARDAKHIWAH_602E421N_S,42.19314,60.25053,old
KALIF_663E373N_S,37.37958,66.31581,old
RAYY_515E356N_S,35.62754,51.50831,old
ITIL_480E462N_S,46.27880,48.08690,old
كول,null,null,null
باركان,null,null,null
البق,null,null,null
SUWA_378E337N_S,33.72767,37.85153,old
SHUMAN_688E385N_S,38.58166,68.82268,old
KARDARANKHAS_606E413N_S,41.38937,60.68254,old
تعاسير,null,null,null
BISKAND_583E360N_S,36.08371,58.39294,old
سراة,null,null,null
SAMGHAR_702E404N_S,40.46049,70.22677,old
آزر,null,null,null
KARYAN_537E280N_S,28.05935,53.70323,old
ROUTPOINT1906_682E253N_O,25.39828,68.28628,old
RASAYN_400E368N_S,36.83758,40.06404,old
QANBALI_665E254N_S,25.49111,66.57989,old
QALANSUWA_349E322N_S,32.29512,34.98155,old
RIBATKARUDIN_631E313N_S,31.38151,63.14407,old
SARMANJI_674E376N_S,37.60634,67.44155,old
MAHALLASURAD_308E309N_S,30.96963,30.85120,old
نفشارية,null,null,null
UDH_492E355N_S,35.59348,49.25084,old
TANAS_013E364N_S,36.49038,1.37563,old
SUNAJ_662E385N_S,38.58192,66.26540,old
ABDAS_473E314N_S,31.46283,47.33731,old
كنكابان,null,null,null
SURU_562E271N_S,27.19067,56.21348,old
الحفر,null,null,null
قرية القاضي,null,null,null
ROUTPOINT0109_345E315N_O,31.54965,34.58964,old
MAADINZUMURRUDH_338E250N_O,25.07556,33.89324,old
MUGHITHAMAWAN_414E250N_S,25.00091,41.40160,old
SABTA_053W358N_S,35.86107,-5.33338,old
RIBATASTANA_649E366N_S,36.67509,64.97971,old
RANYA_421E203N_S,20.30924,42.10410,old
TAWWAZ_511E294N_S,29.42208,51.17294,old
الجبل الأسود,null,null,null
FISHAIBNSULAYM_309E307N_S,30.76345,30.92633,old
ADHANA_353E369N_S,36.96023,35.34272,old
ARHAN_688E372N_S,37.23952,68.86234,old
MALIN_650E368N_S,36.81403,65.07649,old
SUBARA_729E195N_S,19.52404,72.95093,old
آستانة,null,null,null
ADHRIAT_360E326N_S,32.61046,36.09087,old
MIRKI_731E428N_S,42.81670,73.19654,old
هروك,null,null,null
الدولاب,null,null,null
BUST_643E313N_R,31.39108,64.39078,old
SIRJAN_557E294N_R,29.46102,55.74854,old
BAYRUT_479E320N_S,32.06082,47.90375,old
MARJSHAYKH_248E316N_S,31.67644,24.83486,old
MARJWA-ZAHR_509E330N_S,33.08994,50.95356,old
BALKHAN_660E375N_S,37.51897,66.00329,old
نورين,null,null,null
SUQYABANUGHIFAR_392E235N_S,23.58141,39.23295,old
QULUFI_395E321N_S,32.14778,39.59203,old
SARWISTAN_578E292N_S,29.27422,57.89378,old
KHAYSAR_673E324N_S,32.48440,67.33448,old
ARZAN_416E379N_S,37.97890,41.65964,old
SARSAR_443E331N_S,33.10972,44.37025,old
طباش,null,null,null
قلعة المجوس,null,null,null
NASA_582E378N_S,37.85763,58.21787,old
JARBA_381E304N_S,30.48436,38.12681,old
TAHIRT_013E353N_R,35.36971,1.36504,old
MARJ_462E343N_S,34.30577,46.22379,old
ROUTPOINT0111_346E318N_O,31.83292,34.67797,old
JUBBAMIRA_313E301N_O,30.16070,31.38569,old
QARYAMAJUS_541E317N_S,31.74166,54.19969,old
BAKHTA_561E291N_S,29.12939,56.16823,old
AKHUR_557E391N_S,39.19825,55.71277,old
QARUN_357E335N_S,33.57083,35.71229,old
شرف ذي النمل,null,null,null
ROUTPOINT0806_425E170N_O,17.00988,42.55098,old
DARJIN_581E292N_S,29.20052,58.17433,old
المخلصة,null,null,null
BUSTA_497E351N_S,35.13286,49.74164,old
ارمسا,null,null,null
AKHMIM_317E265N_S,26.56301,31.72957,old
JABIYA_360E329N_S,32.92323,36.04321,old
SHABABAK_550E301N_S,30.13418,55.05872,old
BADIS_066E347N_S,34.76281,6.65773,old
بومهان,null,null,null
ROUTEPOINTS0699_505E304N_O,30.44661,50.51371,old
MANSURA_688E258N_S,25.86510,68.87697,old
جعاد وجورد,null,null,null
BUMJIKATH_688E397N_S,39.74616,68.83442,old
BADR_388E237N_S,23.72676,38.80098,old
NAJRAN_442E175N_S,17.58603,44.29950,old
ذات السلاسل,null,null,null
BINKATH_694E412N_S,41.22621,69.41991,old
SISAR_469E353N_S,35.31623,46.98439,old
TALAQAN_508E361N_S,36.18658,50.84322,old
WADDAN_162E289N_S,28.96493,16.28326,old
BAJA_078W380N_S,38.00689,-7.80444,old
BASAND_672E382N_S,38.21375,67.24396,old
KUNDUR_581E351N_S,35.12055,58.12875,old
ROUTPOINT1701_596E367N_O,36.75977,59.64504,old
TULAYTILA_040W398N_S,39.88926,-4.05210,old
ROUTPOINT0908_402E271N_O,27.17653,40.29365,old
كاربايه,null,null,null
SHAKKI_472E413N_S,41.34856,47.20469,old
لكزان,null,null,null
BASMAD_708E291N_S,29.12094,70.87350,old
بمولصة,null,null,null
DAYRA_493E307N_S,30.78178,49.32901,old
BARZAND_478E389N_S,38.96621,47.85286,old
NUKDAH_600E356N_S,35.63286,60.00916,old
KARAH_613E344N_S,34.42834,61.32587,old
MARWRUDH_633E355N_S,35.59250,63.36670,old
مسجد إبراهيم,31.852176579516545,35.03375183965251,new
RAYDA_440E158N_S,15.83194,44.04470,old
UGH_698E339N_S,33.95277,69.86876,old
KUDAYY_418E205N_S,20.55409,41.87220,old
KUKUR_588E326N_S,32.62196,58.85980,old
DUNAYSIR_405E371N_S,37.16749,40.58146,old
ويلة,null,null,null
النقموذية,null,null,null
KHARAQ_618E376N_S,37.61978,61.89282,old
ROUTPOINT1004_309E303N_O,30.32150,30.91381,old
WADITAYY_419E270N_R,27.05571,41.94575,old
قرية العصبيات,null,null,null
ROUTPOINT1707_687E360N_O,36.02592,68.72106,old
خروذ,null,null,null
RASK_612E267N_S,26.70943,61.22272,old
BISKARA_057E348N_S,34.84755,5.72622,old
GHARWA_498E315N_S,31.54027,49.89724,old
MARW_621E376N_R,37.67193,62.10386,old
أسداواذ,null,null,null
DARAQAN_487E334N_S,33.44757,48.75730,old
DALIYA_407E347N_S,34.71355,40.74111,old
DARIYYA_428E246N_S,24.64886,42.86206,old
أستراباذ,37.14558815303793,54.25883279777076,new
ROUTPOINT1213_098E368N_O,36.87814,9.86752,old
SAGHAN_680E330N_S,33.08810,68.03075,old
MADHARWISTAN_460E344N_S,34.43477,46.04283,old
ROUTPOINT1721_657E389N_O,38.91478,65.70845,old
ARSUBANIKATH_696E399N_S,39.93024,69.60096,old
QASRIBADI_172E309N_S,30.94914,17.29329,old
TALLHUM_397E381N_S,38.19784,39.75447,old
TAZRA_493E351N_S,35.12165,49.39342,old
ROUTPOINT1910_615E271N_O,27.19216,61.55950,old
اريحاء,31.82937492139467,35.08562865385174,new
قصبة الدورق,null,null,null
JURASH_426E186N_S,18.63711,42.69682,old
HUSAYNABADH_579E361N_S,36.10768,57.92813,old
MIKNASA_055W339N_S,33.91455,-5.56626,old
ARABAN_406E360N_S,36.05814,40.69403,old
SIKR_467E321N_S,32.19607,46.77226,old
أمج,22.132367223741667,39.51516118480374,new
ROUTPOINT0607_553E331N_O,33.12436,55.38086,old
تبسة,null,null,null
BAAYNATHA_424E366N_S,36.66090,42.43701,old
بیشة,19.783904595800152,42.56765603744986,new
زنك,null,null,null
YABAMBAM_428E188N_S,18.87682,42.82847,old
BUDHA_675E287N_R,28.71365,67.56764,old
BAYTRAM_356E318N_S,31.80167,35.60287,old
رباط البارد,null,null,null
داور,null,null,null
حفر ابى موسى,null,null,null
SAHIH_601E361N_S,36.10597,60.18929,old
ROUTPOINT0512_516E352N_O,35.24938,51.65000,old
نهر تيري,null,null,null
أخسيكت,null,null,null
رباط زرودوا,null,null,null
RAML_631E401N_S,40.13581,63.16025,old
ROUTPOINT0502_492E356N_O,35.67123,49.24766,old
MAWRUR_054W371N_S,37.14029,-5.48272,old
ARFAJA_386E299N_S,29.99999,38.67294,old
SANABADH_596E362N_S,36.23200,59.61287,old
SABURKHASHT_483E334N_S,33.49102,48.36521,old
SUQKARA_026E361N_S,36.10305,2.69033,old
KAFARSABA_348E321N_S,32.17778,34.88134,old
جب الميدعان,null,null,null
KHUSHNABADH_552E287N_S,28.71262,55.24354,old
MAYYAFARIQIN_410E381N_S,38.14322,41.00798,old
كثة,null,null,null
صداء,null,null,null
URMIYA_450E375N_S,37.52011,45.07411,old
KHUJADAH_642E398N_S,39.81909,64.20076,old
جب أمير المؤمنين,null,null,null
KURT_058W345N_S,34.59132,-5.83301,old
SALA_354E278N_S,27.85039,35.41578,old
DIHBARIST_561E277N_S,27.77410,56.13806,old
TIB_473E322N_S,32.22674,47.30428,old
بئر ابن المرتفع,21.42856962917882,40.023895331848166,new
HAMAD_506E247N_S,24.74231,50.65214,old
DUFANA_066E354N_S,35.49564,6.62915,old
زيادواذ,null,null,null
JUNIYYA_356E339N_S,33.98398,35.61897,old
QURIYA_065W399N_S,39.96270,-6.55006,old
RIBATNASRAK_629E383N_S,38.31229,62.99639,old
جهينة,null,null,null
NASAFAN_448E140N_R,14.02916,44.84320,old
كيلين,null,null,null
BALAD_427E364N_S,36.47417,42.75800,old
ABADHA_526E311N_S,31.16430,52.66127,old
الديمر,34.600807005467864,48.56295498113746,new
ضبة,null,null,null
TIRMIDH_673E372N_S,37.27697,67.32394,old
MARIB_454E155N_S,15.55742,45.43900,old
WANKATH_708E409N_S,40.92611,70.89511,old
SHARISH_061W366N_S,36.69169,-6.10856,old
KHAWARISTAN_532E292N_S,29.25713,53.20589,old
KHAFIYYA_396E319N_S,31.99770,39.67590,old
جنكى,null,null,null
SAHIH_543E297N_S,29.77106,54.30902,old
الأرد,null,null,null
موخكان,null,null,null
RUSAFA_463E317N_S,31.78987,46.36450,old
TURMUGHAN_708E407N_S,40.78105,70.89318,old
الینسوعة,null,null,null
QUSURHASSAN_158E312N_S,31.25883,15.87924,old
ANAK_367E323N_S,32.31179,36.79381,old
أبین,null,null,null
HAWD_587E319N_S,31.90091,58.78635,old
قلعة يونس,null,null,null
SABIBA_091E354N_S,35.41674,9.16117,old
WADISIBA_409E344N_S,34.42004,40.92477,old
شاوكرد,null,null,null
YUNABIDH_586E342N_S,34.24652,58.63618,old
USHTIQAN_720E406N_S,40.67718,72.05745,old
UBBA_087E358N_S,35.80744,8.72082,old
MAHUZAZDUD_346E318N_S,31.81276,34.63712,old
BALANJAR_464E432N_S,43.28166,46.42082,old
KHARAQANA_675E399N_S,39.97120,67.58739,old
MAHJAM_430E152N_S,15.22352,43.07237,old
MASSA_096W300N_S,30.06450,-9.64810,old
غبيرا,null,null,null
KULSHUB_721E428N_S,42.88984,72.10394,old
KHAWADHAN_515E302N_S,30.24443,51.50809,old
BURNAMADH_681E399N_S,39.95059,68.12909,old
TIKHFA_430E249N_S,24.95296,43.01192,old
مسجد أويس,null,null,null
RISHTAN_715E400N_S,40.02761,71.55377,old
SINN_434E352N_S,35.26076,43.46591,old
السوس الأقصى,null,null,null
SARMAQAN_548E296N_S,29.63539,54.80361,old
JARMJUWI_540E359N_S,35.97336,54.04249,old
ديمس,null,null,null
خالنجان,null,null,null
رائين,null,null,null
ALUS_424E339N_S,33.98559,42.41353,old
كلكاو,null,null,null
ودروه,35.1412876200972,50.599187857217096,new
NIHIYYA_415E343N_S,34.39307,41.55670,old
خان,null,null,null
سابرخواس,null,null,null
ROUTPOINT0801_443E143N_O,14.31533,44.37876,old
ASHIR_031E357N_S,35.70178,3.16032,old
ROUTPOINT1907_652E262N_O,26.22931,65.22578,old
ARDHAKHUSHMITHAN_602E416N_S,41.64105,60.20210,old
KARZIN_531E284N_S,28.40599,53.11293,old
QUSDAR_665E277N_S,27.77650,66.59495,old
YAZD_543E319N_S,31.90975,54.34286,old
فلس,null,null,null
غركرد,41.867308874897134,69.63517023042579,new
TIZA_040W342N_S,34.22102,-4.02927,old
كماهنك,null,null,null
LAJJUN_352E326N_S,32.60823,35.27017,old
BADH_520E335N_S,33.55960,52.01467,old
ROUTPOINT0210_401E379N_O,37.93697,40.11608,old
ASFAQUS_108E347N_S,34.77411,10.80190,old
عين العصافير,null,null,null
ROUTPOINT1803_499E530N_O,53.02226,49.98817,old
معلثايا,36.87506637879014,42.88928093917292,new
جايمن,null,null,null
BADHAKHKATH_701E424N_S,42.45971,70.19287,old
